City,City,Country,Lat,Lng,Max Temp,Humidity,Cloudiness,Wind Speed,Current Description
0,Puntarenas,CR,9.9763,-84.8384,88.45,57,39,11.01,scattered clouds
1,Vaini,TO,-21.2,-175.2,82.56,94,100,6.91,overcast clouds
2,Ribeira Grande,PT,38.5167,-28.7,59.4,82,40,8.05,scattered clouds
3,Bluff,NZ,-46.6,168.3333,61.48,80,5,5.06,clear sky
4,Santa Cruz De Tenerife,ES,28.4682,-16.2546,64.72,77,40,21.85,scattered clouds
5,Tuktoyaktuk,CA,69.4541,-133.0374,-9.4,77,75,12.66,broken clouds
6,Ramnagar,IN,29.4,79.1167,68.4,18,0,5.61,clear sky
7,Opuwo,NA,-18.0607,13.84,70.72,80,91,3.58,light rain
8,Ahipara,NZ,-35.1667,173.1667,69.98,75,29,5.66,scattered clouds
9,Bengkulu,ID,-3.8004,102.2655,74.97,86,97,4.14,overcast clouds
10,Punta Arenas,CL,-53.15,-70.9167,51.91,43,0,20.71,clear sky
11,Tiksi,RU,71.6872,128.8694,-13.22,98,83,4.54,broken clouds
12,Nova Olimpia,BR,-14.7972,-57.2881,76.19,86,99,1.86,overcast clouds
13,Boden,SE,65.8252,21.6886,26.6,97,41,2.55,scattered clouds
14,Koson,UZ,39.0375,65.585,46.72,53,86,13.18,overcast clouds
15,Bac Lieu,VN,9.285,105.7244,79.81,81,30,4.68,scattered clouds
16,Ratnagiri,IN,16.9833,73.3,77.23,87,69,3.83,broken clouds
17,Port Alfred,ZA,-33.5906,26.891,70.5,86,2,11.41,clear sky
18,Provideniya,RU,64.3833,-173.3,12.36,79,30,0.0,fog
19,New Norfolk,AU,-42.7826,147.0587,53.1,66,39,3.0,scattered clouds
20,Barquisimeto,VE,10.0739,-69.3228,85.69,40,88,4.45,overcast clouds
21,Ushuaia,AR,-54.8,-68.3,47.86,66,40,28.77,scattered clouds
22,Rikitea,PF,-23.1203,-134.9692,79.54,72,63,12.1,light rain
23,Camana,PE,-16.6228,-72.7111,72.0,74,33,7.18,scattered clouds
24,Vangaindrano,MG,-23.35,47.6,72.48,82,100,0.58,overcast clouds
25,Tadpatri,IN,14.9167,78.0167,84.52,52,99,3.62,overcast clouds
26,Rybinsk,RU,58.0446,38.8426,28.44,97,12,5.26,few clouds
27,Healdsburg,US,38.6105,-122.8692,89.2,29,0,4.61,clear sky
28,Kysyl-Syr,RU,63.8986,122.7617,-1.79,100,99,1.19,overcast clouds
29,Honiara,SB,-9.4333,159.95,82.13,77,56,3.13,broken clouds
30,Beringovskiy,RU,63.05,179.3167,17.69,93,93,8.7,overcast clouds
31,Harper,LR,4.375,-7.7169,79.9,84,100,5.77,overcast clouds
32,Hobyo,SO,5.3505,48.5268,78.67,77,12,11.07,few clouds
33,Deputatskiy,RU,69.3,139.9,-2.49,95,100,4.14,overcast clouds
34,Hobart,AU,-42.8794,147.3294,53.46,75,75,11.5,broken clouds
35,Hithadhoo,MV,-0.6,73.0833,83.32,73,2,15.61,clear sky
36,Upernavik,GL,72.7868,-56.1549,-7.19,86,100,5.32,overcast clouds
37,Khatanga,RU,71.9667,102.5,-13.94,97,100,3.98,overcast clouds
38,Camacha,PT,33.0833,-16.3333,56.62,72,40,11.5,scattered clouds
39,Portland,US,45.5234,-122.6762,68.16,76,40,9.22,scattered clouds
40,Tazmalt,DZ,36.3868,4.3989,52.52,82,100,6.53,overcast clouds
41,Busselton,AU,-33.65,115.3333,52.72,84,0,11.74,clear sky
42,Kununurra,AU,-15.7667,128.7333,80.58,94,91,6.91,overcast clouds
43,Xenia,US,39.6848,-83.9296,58.33,76,100,10.36,light intensity drizzle
44,Praia,CV,14.9215,-23.5087,70.34,73,40,23.02,scattered clouds
45,Sinnamary,GF,5.3833,-52.95,76.93,91,63,12.48,light rain
46,Barrow,US,71.2906,-156.7887,-20.18,83,0,12.66,clear sky
47,Faanui,PF,-16.4833,-151.75,80.71,74,99,11.68,overcast clouds
48,Hilo,US,19.7297,-155.09,80.33,70,75,5.01,light rain
49,Cape Town,ZA,-33.9258,18.4232,74.12,77,0,8.05,clear sky
50,Avarua,CK,-21.2078,-159.775,82.45,78,100,9.22,overcast clouds
51,Atuona,PF,-9.8,-139.0333,79.34,77,100,14.83,overcast clouds
52,Kapaa,US,22.0752,-159.319,71.92,81,100,17.27,moderate rain
53,Prince Rupert,CA,54.3161,-130.3201,42.89,93,100,8.05,mist
54,Nioro,GM,13.35,-15.75,84.6,24,3,12.44,clear sky
55,Deer Lake,CA,49.1667,-57.4316,31.86,93,100,13.8,overcast clouds
56,Lasa,IT,46.6166,10.7002,39.02,61,1,1.45,clear sky
57,Santo Antonio Do Sudoeste,BR,-26.0736,-53.7253,71.65,80,86,4.41,overcast clouds
58,Saskylakh,RU,71.9167,114.0833,-14.28,100,99,2.13,overcast clouds
59,Juneau,US,58.3019,-134.4197,42.8,99,75,26.46,light rain
60,Killybegs,IE,54.6333,-8.45,50.86,87,91,11.25,overcast clouds
61,Saint-Pierre,RE,-21.3393,55.4781,78.48,90,0,4.61,clear sky
62,Lata,PT,40.1629,-8.3327,56.8,96,100,3.18,light rain
63,Chuy,UY,-33.6971,-53.4616,66.33,96,100,7.29,overcast clouds
64,Jining,CN,35.405,116.5814,38.35,83,23,7.74,few clouds
65,Champerico,GT,14.3,-91.9167,93.74,58,58,11.16,broken clouds
66,Caravelas,BR,-17.7125,-39.2481,74.82,91,67,9.22,broken clouds
67,Albany,US,42.6001,-73.9662,49.17,29,65,1.99,broken clouds
68,Kovdor,RU,67.5662,30.4758,30.97,91,75,9.51,broken clouds
69,Kisangani,CD,0.5167,25.2,71.19,90,100,2.53,overcast clouds
70,Fortuna,US,40.5982,-124.1573,66.85,80,0,3.44,clear sky
71,Lebu,CL,-37.6167,-73.65,59.02,72,11,7.16,few clouds
72,Yellowknife,CA,62.456,-114.3525,14.41,58,40,6.91,scattered clouds
73,Mataura,NZ,-46.1927,168.8643,67.12,65,4,1.12,clear sky
74,Port-Gentil,GA,-0.7193,8.7815,80.56,83,20,5.75,few clouds
75,Qaqortoq,GL,60.7167,-46.0333,16.75,71,100,5.12,overcast clouds
76,Puerto Ayora,EC,-0.7393,-90.3518,85.96,86,57,8.99,broken clouds
77,Dhidhdhoo,MV,6.8833,73.1,81.91,68,6,10.51,clear sky
78,Bethel,US,41.3712,-73.414,55.02,24,96,3.0,overcast clouds
79,Lagoa,PT,39.05,-27.9833,59.25,79,33,13.35,scattered clouds
80,Sur,OM,22.5667,59.5289,77.02,50,0,10.29,clear sky
81,Dondo,MZ,-19.6094,34.7431,78.31,95,41,3.91,light rain
82,Sola,VU,-13.8833,167.55,83.07,74,40,2.3,scattered clouds
83,Marawi,PH,7.9986,124.2928,67.69,95,100,1.12,overcast clouds
84,Hasaki,JP,35.7333,140.8333,30.6,54,53,20.18,broken clouds
85,Naze,JP,28.3667,129.4833,61.72,81,100,8.03,overcast clouds
86,Carnarvon,AU,-24.8667,113.6333,77.07,73,94,10.36,overcast clouds
87,Fredericksburg,US,38.3032,-77.4605,71.02,34,0,8.05,clear sky
88,Weihai,CN,37.5017,122.1136,38.68,77,100,8.37,overcast clouds
89,Sao Filipe,CV,14.8961,-24.4956,70.75,74,8,13.67,clear sky
90,Thompson,CA,55.7435,-97.8558,26.76,93,100,4.61,overcast clouds
91,Bredasdorp,ZA,-34.5322,20.0403,69.46,87,90,13.67,overcast clouds
92,Esquipulas,GT,14.5667,-89.35,95.47,31,75,6.91,broken clouds
93,Clyde River,CA,70.4692,-68.5914,-14.57,76,20,4.61,few clouds
94,Cherskiy,RU,68.75,161.3,22.01,81,22,8.28,few clouds
95,Piracuruca,BR,-3.9281,-41.7092,75.92,93,99,3.76,very heavy rain
96,Port Elizabeth,ZA,-33.918,25.5701,68.31,98,75,3.44,mist
97,Bubaque,GW,11.2833,-15.8333,76.35,75,50,20.78,scattered clouds
98,Kieta,PG,-6.2167,155.6333,81.88,77,100,2.55,overcast clouds
99,Alofi,NU,-19.0595,-169.9187,84.09,84,75,11.52,broken clouds
100,Nabire,ID,-3.3667,135.4833,76.14,92,100,2.95,light rain
101,Miguel Alves,BR,-4.1656,-42.8953,74.57,99,100,2.93,very heavy rain
102,Vila Franca Do Campo,PT,37.7167,-25.4333,60.19,84,52,8.05,broken clouds
103,Boke,GN,10.9409,-14.2967,73.8,75,54,5.01,broken clouds
104,Ponta Do Sol,PT,32.6667,-17.1,63.05,65,43,10.2,scattered clouds
105,Cabo San Lucas,MX,22.8909,-109.9124,80.62,36,0,13.8,clear sky
106,Qaanaaq,GL,77.484,-69.3632,-6.63,99,100,3.06,overcast clouds
107,Hermanus,ZA,-34.4187,19.2345,70.81,83,88,14.29,overcast clouds
108,Norman Wells,CA,65.282,-126.8329,3.24,60,100,12.66,overcast clouds
109,East London,ZA,-33.0153,27.9116,71.47,82,10,10.92,clear sky
110,Tasiilaq,GL,65.6145,-37.6368,14.16,56,15,3.18,few clouds
111,Morwa,IN,22.9,73.8333,80.53,13,66,11.56,broken clouds
112,Toritama,BR,-8.0067,-36.0567,74.43,87,49,8.21,scattered clouds
113,Mahebourg,MU,-20.4081,57.7,79.09,94,75,9.22,shower rain
114,Palmer,US,42.1584,-72.3287,51.66,22,75,13.8,broken clouds
115,Labuhan,ID,-6.8844,112.2051,79.72,85,99,3.15,overcast clouds
116,Tromso,NO,69.6496,18.957,37.42,87,75,9.22,light intensity shower rain
117,Pevek,RU,69.7008,170.3133,24.62,78,100,22.62,overcast clouds
118,Victoria,HK,22.2855,114.1577,68.32,93,100,1.99,light rain
119,Shingu,JP,33.7333,135.9833,44.42,82,100,5.53,overcast clouds
120,Nachingwea,TZ,-10.3833,38.7667,69.39,98,17,1.77,few clouds
121,Pisco,PE,-13.7,-76.2167,75.02,68,0,25.32,clear sky
122,Soe,ID,-9.8607,124.284,65.07,92,99,3.0,overcast clouds
123,Husavik,IS,66.0449,-17.3389,31.06,94,100,16.96,light snow
124,Port Lincoln,AU,-34.7333,135.8667,62.1,73,100,15.12,overcast clouds
125,Awbari,LY,26.5921,12.7805,54.18,31,0,9.62,clear sky
126,Jamestown,US,42.097,-79.2353,50.95,22,100,8.05,overcast clouds
127,Fairbanks,US,64.8378,-147.7164,14.49,65,100,6.91,light snow
128,Nhulunbuy,AU,-12.2333,136.7667,77.61,94,40,0.0,scattered clouds
129,Severo-Kurilsk,RU,50.6789,156.125,27.16,70,100,7.2,overcast clouds
130,Saint George,US,37.1041,-113.5841,66.79,22,0,25.32,clear sky
131,Fengzhen,CN,40.4394,113.1536,26.35,95,66,2.33,light snow
132,Itoman,JP,26.1247,127.6694,66.97,100,75,8.05,light rain
133,Coihaique,CL,-45.5752,-72.0662,58.95,58,75,5.75,broken clouds
134,Bambous Virieux,MU,-20.3428,57.7575,79.05,94,75,9.22,shower rain
135,Umred,IN,20.85,79.3333,73.69,14,30,5.88,scattered clouds
136,Tibati,CM,6.4667,12.6333,75.49,21,90,2.84,overcast clouds
137,Codrington,AU,-38.2667,141.9667,60.01,64,100,10.67,overcast clouds
138,Nueva Concepcion,GT,14.2,-91.3,90.34,44,62,13.69,broken clouds
139,Los Llanos De Aridane,ES,28.6585,-17.9182,60.55,84,20,5.75,few clouds
140,Souillac,MU,-20.5167,57.5167,79.18,94,75,9.22,shower rain
141,Belmonte,BR,-15.8631,-38.8828,76.1,88,54,9.51,broken clouds
142,Gat,IL,31.61,34.7642,50.4,67,58,2.17,broken clouds
143,Bukan,IR,36.521,46.2089,39.92,93,99,3.33,overcast clouds
144,Cidreira,BR,-30.1811,-50.2056,73.13,76,100,25.66,overcast clouds
145,Esperance,AU,-33.8667,121.9,60.64,60,96,8.19,overcast clouds
146,Yabelo,ET,4.8833,38.0833,67.48,49,65,4.23,broken clouds
147,Jaen,ES,38.0,-3.5,54.43,72,100,14.52,overcast clouds
148,Yarada,IN,17.65,83.2667,80.92,89,75,2.3,mist
149,Flin Flon,CA,54.7682,-101.865,33.64,75,75,12.66,broken clouds
150,Solymar,HU,47.5925,18.9321,50.79,29,14,3.8,few clouds
151,Orlik,RU,52.5178,99.825,-5.22,97,84,1.61,broken clouds
152,Yar-Sale,RU,66.8333,70.8333,13.08,96,99,11.05,overcast clouds
153,Road Town,VG,18.4167,-64.6167,80.64,65,40,11.5,scattered clouds
154,Warmbad,NA,-28.45,18.7333,73.27,64,91,17.69,overcast clouds
155,Concordia,AR,-31.393,-58.0209,72.79,83,100,11.01,overcast clouds
156,Lompoc,US,34.6391,-120.4579,88.79,34,20,10.36,few clouds
157,Mokhsogollokh,RU,61.4681,128.9203,-7.15,100,71,3.71,broken clouds
158,Kodiak,US,57.79,-152.4072,35.11,48,100,13.8,overcast clouds
159,Upala,CR,10.8979,-85.0145,86.63,56,89,7.02,overcast clouds
160,Castro,BR,-24.7911,-50.0119,66.04,73,75,6.93,broken clouds
161,Srednekolymsk,RU,67.45,153.6833,9.01,93,99,3.44,overcast clouds
162,Christchurch,NZ,-43.5333,172.6333,64.94,94,100,3.44,mist
163,Mar Del Plata,AR,-38.0023,-57.5575,69.82,89,0,13.0,clear sky
164,Mayo,US,38.8876,-76.5119,68.56,49,0,6.91,clear sky
165,Mackenzie,CA,55.2999,-123.1698,41.22,93,100,14.97,overcast clouds
166,Alice Springs,AU,-23.7,133.8833,63.95,48,29,6.91,scattered clouds
167,Natal,BR,-5.795,-35.2094,80.82,89,75,5.75,broken clouds
168,Hamilton,US,39.1834,-84.5333,68.63,65,100,9.22,overcast clouds
169,Ojinaga,MX,29.5667,-104.4167,65.57,31,0,6.91,clear sky
170,Karpogory,RU,64.0019,44.4451,28.06,83,100,9.1,overcast clouds
171,Ust-Tsilma,RU,65.441,52.1498,27.05,83,99,13.53,overcast clouds
172,Vardo,NO,70.3705,31.1107,30.18,86,100,21.85,overcast clouds
173,Waipawa,NZ,-41.4122,175.5153,63.84,90,100,8.61,light rain
174,Langarud,IR,37.197,50.1535,37.45,97,100,5.57,overcast clouds
175,Atikokan,CA,48.7555,-91.6216,30.58,97,100,6.42,snow
176,North Bend,US,43.4065,-124.2243,78.24,85,0,9.22,clear sky
177,Kavieng,PG,-2.5744,150.7967,81.93,76,100,9.15,moderate rain
178,Bathsheba,BB,13.2167,-59.5167,81.21,65,40,17.27,scattered clouds
179,Dunedin,NZ,-45.8742,170.5036,61.81,99,4,4.0,clear sky
180,Georgetown,MY,5.4112,100.3354,84.13,87,20,3.44,few clouds
181,Wonthaggi,AU,-38.6044,145.5913,57.81,65,81,13.56,broken clouds
182,Yakeshi,CN,49.2833,120.7333,-1.91,96,70,5.14,broken clouds
183,Assiniboia,CA,49.6334,-105.9845,46.22,36,9,17.27,clear sky
184,Yarim,YE,14.298,44.3779,59.29,64,35,2.24,scattered clouds
185,Saldanha,ZA,-33.0117,17.9442,75.25,82,98,0.63,light rain
186,Asfi,MA,32.2994,-9.2372,58.91,85,90,5.97,overcast clouds
187,Nerchinskiy Zavod,RU,51.3088,119.61,-1.07,99,96,2.15,overcast clouds
188,Mishelevka,RU,52.8575,103.1719,1.96,100,98,3.76,overcast clouds
189,Wattegama,LK,6.7989,81.4808,74.52,90,36,1.77,scattered clouds
190,Cibitoke,BI,-2.8833,29.25,61.09,96,100,1.7,light rain
191,Ilulissat,GL,69.2167,-51.1,3.22,66,75,13.8,light shower snow
192,Xiongzhou,CN,25.1167,114.3,51.49,95,100,2.37,overcast clouds
193,Meadow Lake,US,34.8014,-106.5436,44.85,64,91,7.31,overcast clouds
194,Margate,GB,51.3813,1.3862,53.31,77,84,1.99,broken clouds
195,Sahawar,IN,27.8,78.85,72.23,15,1,7.54,clear sky
196,San Quintin,MX,30.4833,-115.95,68.85,51,5,9.28,clear sky
197,Bela Vista,BR,-22.1089,-56.5211,83.26,61,92,7.94,overcast clouds
198,Hokitika,NZ,-42.7167,170.9667,67.48,75,95,1.95,overcast clouds
199,Chokurdakh,RU,70.6333,147.9167,0.03,98,99,5.12,overcast clouds
200,Rognan,NO,67.0953,15.3878,42.94,90,84,7.58,broken clouds
201,Namatanai,PG,-3.6667,152.4333,81.37,76,90,6.08,light rain
202,Kutum,SD,14.2,24.6667,72.43,11,76,9.51,broken clouds
203,Airai,TL,-8.9266,125.4092,59.74,90,100,1.43,overcast clouds
204,Boa Vista,BR,2.8197,-60.6733,91.38,43,40,9.22,scattered clouds
205,Mitzic,GA,0.7821,11.549,70.52,92,87,3.22,light rain
206,Tias,ES,28.9611,-13.645,62.28,63,20,9.22,few clouds
207,Sindor,RU,62.8629,51.8905,26.85,84,63,12.64,broken clouds
208,Cochrane,CA,51.1834,-114.4687,56.89,10,85,7.83,overcast clouds
209,Zhurivka,UA,50.5028,31.7849,41.34,71,0,5.08,clear sky
210,Torbay,CA,47.6666,-52.7314,32.77,75,75,21.85,light shower snow
211,Kruisfontein,ZA,-34.0033,24.7314,65.88,95,8,4.0,clear sky
212,Wanaka,NZ,-44.7,169.15,61.11,80,0,1.99,clear sky
213,Faya,SA,18.3851,42.4509,59.11,56,0,2.86,clear sky
214,Nikolskoye,RU,59.7035,30.7861,33.69,88,2,4.92,clear sky
215,Thiers,FR,45.8333,3.5,44.92,64,0,5.3,clear sky
216,Kaitangata,NZ,-46.2817,169.8464,64.63,70,4,1.63,clear sky
217,Guerrero Negro,MX,27.9769,-114.0611,72.57,43,5,15.84,clear sky
218,Zlotow,PL,53.3635,17.0408,49.6,54,0,4.21,clear sky
219,Half Moon Bay,US,37.4636,-122.4286,85.62,47,0,6.91,clear sky
220,Itarema,BR,-2.9248,-39.9167,78.78,84,100,7.9,light rain
221,Sao Gabriel Da Cachoeira,BR,-0.1303,-67.0892,76.78,95,82,2.15,broken clouds
222,Baijiantan,CN,45.6333,85.1833,40.75,67,100,11.9,overcast clouds
223,Moultrie,US,31.1799,-83.7891,78.57,44,0,8.05,clear sky
224,Sao Pedro,BR,-22.5486,-47.9139,73.22,69,97,4.99,overcast clouds
225,Xicotencatl,MX,23.0167,-98.8833,96.53,8,4,8.97,clear sky
226,Tuatapere,NZ,-46.1333,167.6833,66.47,62,20,0.85,few clouds
227,Sioux Lookout,CA,50.1001,-91.917,32.07,93,100,8.05,overcast clouds
228,Riyadh,SA,24.6877,46.7219,71.74,16,0,2.35,clear sky
229,Sitka,US,57.0531,-135.33,46.29,57,100,19.57,overcast clouds
230,Ostrowiec Swietokrzyski,PL,50.9294,21.3853,48.09,63,0,4.21,clear sky
231,Necochea,AR,-38.5473,-58.7368,70.11,45,21,6.87,few clouds
232,Butaritari,KI,3.0707,172.7902,81.12,73,67,19.89,broken clouds
233,Sisophon,KH,13.5859,102.9737,78.01,85,81,1.59,broken clouds
234,Batesville,US,35.7698,-91.641,58.95,89,100,10.0,overcast clouds
235,Marovoay,MG,-16.1,46.6333,75.11,93,18,1.97,moderate rain
236,Kahului,US,20.8947,-156.47,82.42,65,40,23.02,scattered clouds
237,Belaya Gora,RU,68.5333,146.4167,-7.65,99,100,2.75,overcast clouds
238,Almaznyy,RU,48.0448,40.045,30.94,62,4,4.34,clear sky
239,Lungi,SL,9.2212,-12.6831,78.31,68,56,5.79,broken clouds
240,Oktyabrskiy,RU,54.4815,53.471,31.17,95,100,10.69,overcast clouds
241,Celestun,MX,20.8667,-90.4,86.85,58,0,7.14,clear sky
242,Olafsvik,IS,64.8945,-23.7142,34.27,94,100,22.82,snow
243,Casper,US,42.8666,-106.3131,36.72,78,75,17.27,broken clouds
244,Zambezi,ZM,-13.5432,23.1047,62.87,95,85,5.06,overcast clouds
245,Monrovia,LR,6.3005,-10.7969,79.65,88,100,6.17,overcast clouds
246,Chifeng,CN,42.2683,118.9636,29.57,61,29,12.21,scattered clouds
247,Krasnyy Yar,RU,46.5331,48.3456,31.96,70,0,6.46,clear sky
248,Arroyo,ES,41.6096,-4.7969,51.15,78,20,12.66,few clouds
249,Ordu,TR,40.9086,37.6845,25.3,92,70,5.03,broken clouds
250,Anse-Bertrand,GP,16.4721,-61.5078,80.42,100,2,15.12,clear sky
251,Warwick,US,41.7001,-71.4162,53.29,25,72,5.99,broken clouds
252,Cheyenne,US,41.14,-104.8203,38.98,52,75,32.99,broken clouds
253,Acapulco,MX,16.8634,-99.8901,84.02,65,20,9.22,few clouds
254,Dikson,RU,73.5069,80.5464,7.56,92,100,16.35,light snow
255,Isangel,VU,-19.55,169.2667,75.31,100,83,4.61,light rain
256,Atar,MR,20.5169,-13.0499,78.37,13,0,8.95,clear sky
257,Severnyy,RU,50.677,36.5532,35.64,60,0,6.71,clear sky
258,La Rioja,ES,42.25,-2.5,40.78,92,95,6.67,overcast clouds
259,Bilma,NE,18.6853,12.9164,72.7,18,2,15.97,clear sky
260,Lorengau,PG,-2.0226,147.2712,82.69,75,100,5.59,overcast clouds
261,Clevelandia,BR,-26.3958,-52.4708,69.67,74,61,4.16,broken clouds
262,Brigantine,US,39.4101,-74.3646,62.8,30,0,11.5,clear sky
263,Luderitz,NA,-26.6481,15.1594,65.28,84,0,14.29,clear sky
264,Marrakesh,MA,31.6315,-8.0083,62.67,63,40,9.22,scattered clouds
265,Santa Cruz Cabralia,BR,-16.2781,-39.0247,77.23,88,20,6.91,few clouds
266,Saint-Philippe,RE,-21.3585,55.7679,78.39,88,58,8.19,light rain
267,Poquoson,US,37.1224,-76.3458,71.04,58,75,9.22,broken clouds
268,Haines Junction,CA,60.7522,-137.5108,17.55,86,100,6.91,overcast clouds
269,Cadereyta,MX,25.5833,-99.9833,88.18,8,0,7.36,clear sky
270,Pangody,RU,65.85,74.4859,0.03,98,100,11.3,overcast clouds
271,Tazovskiy,RU,67.4667,78.7,-3.71,94,100,9.89,overcast clouds
272,Hualmay,PE,-11.0964,-77.6139,73.29,76,10,11.41,clear sky
273,Ghatal,IN,22.6667,87.7167,73.11,95,17,3.36,few clouds
274,Puerto Gaitan,CO,4.3133,-72.0816,84.25,60,93,5.61,overcast clouds
275,Avera,US,33.194,-82.5271,76.51,52,100,11.45,overcast clouds
276,Panzhihua,CN,26.5851,101.7128,60.73,54,96,4.92,overcast clouds
277,Owo,NG,7.1962,5.5868,78.12,80,90,6.49,overcast clouds
278,Koulikoro,ML,14.0,-7.75,83.52,13,55,9.26,broken clouds
279,Rawson,AR,-43.3002,-65.1023,72.73,30,1,10.4,clear sky
280,Panlaitan,PH,12.1191,119.8486,82.29,76,82,0.72,broken clouds
281,Port Keats,AU,-14.25,129.55,80.91,83,99,1.28,overcast clouds
282,Rudnogorsk,RU,57.2639,103.7519,11.5,98,100,2.35,light snow
283,Luanda,AO,-8.8368,13.2343,82.4,83,75,5.75,thunderstorm
284,Anloga,GH,5.7947,0.8973,83.25,82,96,12.28,overcast clouds
285,Bonavista,CA,48.6499,-53.1147,30.2,75,100,28.1,overcast clouds
286,Taltal,CL,-25.4,-70.4833,67.68,73,22,6.58,few clouds
287,Plettenberg Bay,ZA,-34.0527,23.3716,67.35,93,29,2.95,scattered clouds
288,Vostok,RU,46.4856,135.8833,17.85,95,99,4.83,overcast clouds
289,Mandurah,AU,-32.55,115.7,59.92,68,0,11.12,clear sky
290,Sundsvall,SE,62.3913,17.3063,40.96,88,0,11.5,clear sky
291,Wynyard,AU,-41.0,145.7167,59.95,63,82,12.3,broken clouds
292,Wodonga,AU,-36.1167,146.8833,61.97,97,79,3.44,broken clouds
293,Sibiti,CG,-3.6819,13.3499,69.67,96,93,2.68,overcast clouds
294,Namibe,AO,-15.1961,12.1522,76.3,72,97,4.14,overcast clouds
295,Goundam,ML,16.4145,-3.6708,81.77,9,4,8.86,clear sky
296,Calvinia,ZA,-31.4707,19.776,69.17,59,84,10.33,broken clouds
297,Lazarev,RU,52.225,141.5131,12.74,83,33,8.57,scattered clouds
298,Devonport,AU,-41.1667,146.35,59.99,56,76,14.61,broken clouds
299,Vagur,FO,61.4732,-6.8119,47.5,88,84,21.21,broken clouds
300,Gaoual,GN,11.75,-13.2,90.36,17,81,5.55,broken clouds
301,Iralaya,HN,15.0,-83.2333,81.32,67,36,12.91,scattered clouds
302,Tsiroanomandidy,MG,-18.7667,46.0333,66.56,95,91,1.34,overcast clouds
303,Reforma,MX,18.1,-91.0167,97.25,31,3,8.3,clear sky
304,Aykhal,RU,66.0,111.5,0.64,98,100,4.43,overcast clouds
305,Maragogi,BR,-9.0122,-35.2225,79.5,80,84,7.14,broken clouds
306,Muros,ES,42.7762,-9.0603,54.84,90,100,6.71,light rain
307,Irbit,RU,57.6705,63.071,28.4,83,96,12.46,overcast clouds
308,Akdepe,TM,42.0551,59.3788,37.49,32,100,5.19,overcast clouds
309,Antsohihy,MG,-14.8796,47.9875,74.91,91,42,4.05,scattered clouds
310,Zanjan,IR,36.6736,48.4787,27.95,72,100,8.95,overcast clouds
311,Bara,NG,10.3744,10.7288,84.92,12,64,5.17,broken clouds
312,Kavaratti,IN,10.5669,72.642,82.35,65,89,7.52,overcast clouds
313,Pangnirtung,CA,66.1451,-65.7125,-7.6,71,20,2.3,few clouds
314,Pahrump,US,36.2083,-115.9839,75.83,18,9,17.0,clear sky
315,Bayir,TR,37.2687,28.2167,36.12,80,77,4.05,broken clouds
316,Villablino,ES,42.9393,-6.3194,49.77,93,100,8.32,overcast clouds
317,Ostersund,SE,63.1792,14.6357,32.45,93,100,12.66,overcast clouds
318,Abu Samrah,SY,35.3029,37.1841,43.21,69,76,5.46,broken clouds
319,Arraial Do Cabo,BR,-22.9661,-42.0278,75.16,78,75,11.5,broken clouds
320,Kargopol,RU,61.5071,38.9456,33.6,92,100,5.86,overcast clouds
321,Great Falls,US,47.5002,-111.3008,58.66,22,0,13.8,clear sky
322,Moerai,PF,-22.4333,-151.3333,81.1,72,100,9.57,overcast clouds
323,Basco,PH,20.4487,121.9702,77.76,75,100,6.6,overcast clouds
324,Yulara,AU,-25.2406,130.9889,75.04,38,12,8.05,few clouds
325,Tigil,RU,57.8,158.6667,17.82,83,100,5.41,overcast clouds
326,Verkhnyaya Toyma,RU,62.2349,44.9985,27.88,96,72,7.4,broken clouds
327,Hambantota,LK,6.1241,81.1185,79.14,100,40,3.44,scattered clouds
328,Omboue,GA,-1.5746,9.2618,78.78,85,89,3.94,overcast clouds
329,Sorong,ID,-0.8833,131.25,79.0,84,100,9.15,overcast clouds
330,Tommot,RU,58.9564,126.2925,13.3,97,99,3.6,overcast clouds
331,Karwar,IN,14.8,74.1333,79.27,81,100,4.18,overcast clouds
332,Raga,SS,8.4596,25.678,82.17,10,93,3.18,overcast clouds
333,Birjand,IR,32.8663,59.2211,48.67,31,0,4.61,clear sky
334,Inhambane,MZ,-23.865,35.3833,74.91,75,71,8.79,light rain
335,Buenos Aires,AR,-34.6132,-58.3772,73.29,81,75,4.61,broken clouds
336,Sistranda,NO,63.7256,8.834,40.96,84,35,20.78,scattered clouds
337,Moissala,TD,8.3404,17.7663,82.0,10,100,0.98,overcast clouds
338,Santa Maria,BR,-29.6842,-53.8069,76.3,73,40,5.75,scattered clouds
339,Cockburn Town,TC,21.4612,-71.1419,77.76,72,1,20.8,clear sky
340,Mount Gambier,AU,-37.8333,140.7667,46.31,93,40,6.91,scattered clouds
341,Ovruch,UA,51.3246,28.8035,42.01,70,0,4.27,clear sky
342,Camapua,BR,-19.5314,-54.0439,79.52,66,52,2.51,broken clouds
343,Verkhovazhye,RU,60.7472,42.0465,31.12,96,66,6.15,broken clouds
344,Doha,QA,25.2867,51.5333,75.51,66,0,4.61,clear sky
345,Tangjiazhuang,CN,39.7333,118.45,34.38,71,2,4.97,clear sky
346,Cayenne,GF,4.9333,-52.3333,75.24,1,75,6.91,light rain
347,Lazaro Cardenas,MX,17.9583,-102.2,82.49,49,35,10.38,scattered clouds
348,Praya,CV,14.9215,-23.5087,70.34,73,40,23.02,scattered clouds
349,Media Luna,CU,20.1419,-77.435,82.67,59,0,10.78,clear sky
350,Mujiayingzi,CN,42.1167,118.7833,26.83,68,7,10.58,clear sky
351,Sorland,NO,67.667,12.6934,41.92,90,92,24.47,light rain
352,Kailua,US,21.4022,-157.7394,78.78,76,100,5.99,overcast clouds
353,Vao,NC,-22.6667,167.4833,76.19,69,53,9.35,broken clouds
354,Fallon,US,39.4735,-118.7774,63.45,34,40,4.61,scattered clouds
355,Laguna,US,38.421,-121.4238,83.1,37,0,3.44,clear sky
356,Prachuap Khiri Khan,TH,12.2167,99.75,79.68,94,96,3.11,light rain
357,Orcopampa,PE,-15.2661,-72.3417,50.81,84,93,8.93,heavy intensity rain
358,Port Augusta,AU,-32.5,137.7667,64.83,71,100,9.69,overcast clouds
359,Coquimbo,CL,-29.9533,-71.3436,64.13,77,20,12.66,few clouds
360,Kyra,RU,49.5776,111.9753,10.44,90,42,5.84,scattered clouds
361,Tecolutla,MX,20.4833,-97.0167,87.66,67,72,19.57,broken clouds
362,Ruy Barbosa,BR,-12.2839,-40.4939,80.13,62,97,10.63,overcast clouds
363,Mandalgovi,MN,45.7625,106.2708,21.88,46,100,7.52,overcast clouds
364,Katsuura,JP,35.1333,140.3,43.25,69,96,15.21,overcast clouds
365,Flinders,AU,-34.5833,150.8552,71.19,85,96,4.0,light rain
366,Winnemucca,US,40.973,-117.7357,60.85,39,0,4.61,clear sky
367,Qiongshan,CN,20.0058,110.3542,76.98,94,75,4.47,broken clouds
368,Ust-Kuyga,RU,70.0167,135.6,-3.08,96,100,1.92,overcast clouds
369,Kaeo,NZ,-35.1,173.7833,71.33,95,12,3.18,few clouds
370,Sao Paulo De Olivenca,BR,-3.3783,-68.8725,78.42,94,62,1.97,broken clouds
371,Khandyga,RU,62.6667,135.6,-0.29,98,100,1.05,overcast clouds
372,Chardara,KZ,41.2547,67.9692,43.36,75,100,12.66,moderate rain
373,Longyearbyen,SJ,78.2186,15.6401,8.44,66,20,8.05,few clouds
374,Nanortalik,GL,60.1432,-45.2371,21.74,71,100,8.21,overcast clouds
375,Cedeno,CO,7.0464,-72.1634,81.32,68,98,1.61,overcast clouds
376,Thabazimbi,ZA,-24.5917,27.4116,64.2,58,37,5.23,scattered clouds
377,Talnakh,RU,69.4865,88.3972,1.2,91,100,8.5,overcast clouds
378,Dicabisagan,PH,17.0818,122.4157,77.0,90,66,4.29,broken clouds
379,Guna,IN,24.65,77.3167,76.59,16,6,6.38,clear sky
380,Sao Joao Da Barra,BR,-21.6403,-41.0511,73.49,71,37,11.61,scattered clouds
381,Benguela,AO,-12.5763,13.4055,79.0,83,99,3.0,overcast clouds
382,Noyabrsk,RU,63.1994,75.4507,-6.02,100,100,7.27,overcast clouds
383,Batagay,RU,67.6333,134.6333,-1.21,97,100,1.79,overcast clouds
384,Bandarbeyla,SO,9.4942,50.8122,76.15,80,59,1.99,broken clouds
385,Kumba,CM,4.6363,9.4469,75.79,91,100,0.83,overcast clouds
386,Xinyang,CN,32.1228,114.0656,39.99,89,99,1.99,overcast clouds
387,Gbarnga,LR,6.9956,-9.4722,74.89,94,84,2.53,broken clouds
388,Buraydah,SA,26.326,43.975,72.05,18,50,8.03,scattered clouds
389,Payson,US,40.0444,-111.7321,51.55,44,40,20.71,scattered clouds
390,Bonga,ET,7.2833,36.2333,60.94,95,86,2.35,light rain
391,Hoa Binh,VN,20.8133,105.3383,76.41,95,100,3.76,overcast clouds
392,Aasiaat,GL,68.7098,-52.8699,1.9,96,100,8.7,overcast clouds
393,Krishnanagar,IN,23.4,88.5,72.84,90,58,7.14,broken clouds
394,Masindi,UG,1.6744,31.715,64.17,94,100,4.25,light rain
395,Noumea,NC,-22.2763,166.4572,79.0,99,90,8.48,overcast clouds
396,Aranos,NA,-24.1333,19.1167,74.82,39,11,11.07,few clouds
397,Peregu Mare,RO,46.2333,20.9,48.22,58,1,7.92,clear sky
398,La Ronge,CA,55.1001,-105.2842,37.65,48,0,10.36,clear sky
399,Turochak,RU,52.2576,87.1224,23.54,98,100,2.68,overcast clouds
400,Constantine,DZ,36.365,6.6147,49.41,93,75,4.61,broken clouds
401,Buala,SB,-8.145,159.5921,83.3,73,91,4.52,light rain
402,Camopi,GF,3.1655,-52.3158,74.07,98,83,5.35,light rain
403,Aberdeen,GB,57.1437,-2.0981,48.49,91,64,3.44,haze
404,La Llanada,CO,1.49,-77.5835,61.57,90,96,4.59,moderate rain
405,Mitsamiouli,KM,-11.3847,43.2844,81.21,78,10,5.03,light rain
406,Karratha,AU,-20.7377,116.8463,88.38,43,100,14.9,overcast clouds
407,Moose Factory,CA,51.2585,-80.6094,15.8,79,0,16.11,clear sky
408,Auki,SB,-8.7676,160.7034,81.28,81,100,3.24,overcast clouds
409,Asyut,EG,27.181,31.1837,53.78,37,0,9.86,clear sky
410,Sobolevo,RU,54.4299,31.8996,33.94,98,100,4.81,overcast clouds
411,Muriwai Beach,NZ,-36.8167,174.45,71.19,95,99,4.03,overcast clouds
412,Lavrentiya,RU,65.5833,-171.0,11.48,79,80,2.8,broken clouds
413,Kurumkan,RU,54.3,110.3,4.55,93,51,4.16,broken clouds
414,Asau,RO,46.4333,26.4,40.28,78,3,4.88,clear sky
415,Aripuana,BR,-9.1667,-60.6333,76.14,96,63,1.57,heavy intensity rain
416,Miyako,JP,39.6367,141.9525,35.64,54,2,3.44,clear sky
417,Strzegom,PL,50.9626,16.3501,50.49,50,0,5.06,clear sky
418,Iqaluit,CA,63.7506,-68.5145,-5.31,63,20,17.27,few clouds
419,Hongjiang,CN,27.11,109.9956,43.02,94,67,2.37,broken clouds
420,Manati,PR,18.4275,-66.4921,81.57,79,45,15.57,scattered clouds
421,Ternate,ID,0.8,127.4,76.37,89,100,13.6,moderate rain
422,Lokoja,NG,7.8024,6.743,87.21,56,100,8.88,overcast clouds
423,Port Blair,IN,11.6667,92.75,77.04,94,40,1.14,mist
424,Korschenbroich,DE,51.1914,6.5135,52.93,66,0,4.54,clear sky
425,Kargasok,RU,59.0556,80.8572,7.47,98,99,2.15,overcast clouds
426,Yekaterinovka,RU,52.0508,44.3451,29.88,93,77,9.98,broken clouds
427,Axim,GH,4.8699,-2.2405,81.48,84,88,7.81,overcast clouds
428,Vanimo,PG,-2.6741,141.3028,79.95,81,100,1.39,overcast clouds
429,Maniitsoq,GL,65.4167,-52.9,0.61,97,76,9.4,broken clouds
430,Bantou,CN,26.2151,117.4893,55.09,93,100,2.17,overcast clouds
431,Nome,US,64.5011,-165.4064,10.17,66,0,0.0,clear sky
432,Walvis Bay,NA,-22.9575,14.5053,68.95,73,27,4.61,light rain
433,Ayan,RU,56.45,138.1667,14.16,73,100,11.27,overcast clouds
434,Lufilufi,WS,-13.8745,-171.5986,83.79,77,84,13.35,light rain
435,Chumikan,RU,54.7183,135.315,9.09,84,44,14.81,scattered clouds
436,Machali,CL,-34.1833,-70.6667,79.88,29,0,8.05,clear sky
437,Liwale,TZ,-9.7667,37.9333,68.56,98,82,3.18,broken clouds
438,Uspenka,UA,48.3903,39.1619,33.17,63,13,3.06,few clouds
439,Te Anau,NZ,-45.4167,167.7167,65.61,62,6,1.23,clear sky
440,Geraldton,AU,-28.7667,114.6,59.41,67,0,4.61,clear sky
441,Ponta Delgada,PT,37.7333,-25.6667,60.49,72,20,4.61,few clouds
442,Pagudpud,PH,18.5616,120.7868,77.85,89,83,7.76,broken clouds
443,Flagstaff,US,35.1981,-111.6513,58.66,23,0,13.8,clear sky
444,Kunda,IN,25.7167,81.5167,74.52,13,36,4.85,scattered clouds
445,Fort Nelson,CA,58.8053,-122.7002,22.59,74,75,4.61,broken clouds
446,Taoudenni,ML,22.6783,-3.9836,76.98,14,0,9.53,clear sky
447,Tura,IN,25.5198,90.2201,72.5,49,33,2.62,scattered clouds
448,Stornoway,GB,58.2093,-6.3865,47.93,90,39,2.3,scattered clouds
449,Kyren,RU,51.6828,102.1408,9.57,81,41,1.92,scattered clouds
450,Vila Velha,BR,-20.3297,-40.2925,71.55,95,75,5.75,mist
451,Ambatondrazaka,MG,-17.8333,48.4167,65.66,95,40,4.29,scattered clouds
452,Mogadishu,SO,2.0371,45.3438,78.96,78,2,11.72,clear sky
453,Amahai,ID,-3.3333,128.9167,78.26,84,91,5.19,overcast clouds
454,Vrangel,RU,42.7297,133.0839,33.66,77,100,3.53,overcast clouds
455,Seymchan,RU,62.8833,152.4333,9.36,92,100,4.27,light snow
456,Skorodnoye,RU,51.071,37.2276,28.92,95,99,5.23,overcast clouds
457,Playas,EC,-2.6333,-80.3833,79.09,83,70,12.88,broken clouds
458,San Patricio,US,28.017,-97.5169,82.49,25,0,17.92,clear sky
459,Leningradskiy,RU,69.3833,178.4167,24.78,83,85,4.7,overcast clouds
460,Slawno,PL,54.3628,16.6789,44.28,57,0,4.09,clear sky
461,Tessalit,ML,20.1986,1.0114,75.33,9,0,7.85,clear sky
462,Kaohsiung,TW,22.6163,120.3133,73.35,84,100,5.75,mist
463,Aklavik,CA,68.2191,-135.0107,-4.0,65,75,6.91,broken clouds
464,Ulladulla,AU,-35.35,150.4667,68.9,89,100,7.87,overcast clouds
465,Eenhana,NA,-17.4667,16.3333,67.57,85,38,4.72,scattered clouds
466,Havelock,US,34.8791,-76.9013,70.99,65,40,13.8,scattered clouds
467,Zhangjiakou,CN,40.81,114.8794,27.3,95,57,2.01,broken clouds
468,Mbini,GQ,1.574,9.6134,82.24,81,47,5.41,scattered clouds
469,Pacific Grove,US,36.6177,-121.9166,83.88,55,0,6.91,clear sky
470,Santa Catarina De Tepehuanes,MX,25.35,-105.7333,73.83,7,0,24.7,clear sky
471,Codo,BR,-4.4553,-43.8856,75.42,97,100,3.04,overcast clouds
472,Port Macquarie,AU,-31.4333,152.9167,67.89,100,40,4.61,scattered clouds
473,Ust-Nera,RU,64.5667,143.2,3.25,97,100,3.31,overcast clouds
474,Uniao Dos Palmares,BR,-9.1628,-36.0319,78.39,93,99,3.56,overcast clouds
475,Jizan,SA,17.3333,42.6667,81.54,70,1,5.28,clear sky
476,Grindavik,IS,63.8424,-22.4338,43.27,100,100,8.05,overcast clouds
477,Kaka,TM,37.3482,59.6143,45.23,56,49,9.06,scattered clouds
478,Bambanglipuro,ID,-7.95,110.2833,77.65,86,100,4.52,overcast clouds
479,Chutove,UA,49.7104,35.1603,33.1,90,4,2.73,clear sky
480,Lannion,FR,48.75,-3.4167,51.78,66,0,4.61,clear sky
481,Port Hedland,AU,-20.3167,118.5667,89.65,48,100,11.5,overcast clouds
482,Parabel,RU,58.6978,81.4825,11.14,98,100,2.71,overcast clouds
483,Edson,CA,53.5835,-116.4356,57.34,30,0,5.75,clear sky
484,Porto Novo,BJ,6.4965,2.6036,83.12,77,100,9.46,overcast clouds
485,Kapit,MY,2.0167,112.9333,72.32,94,100,1.5,overcast clouds
486,Dixon,US,38.4455,-121.8233,87.06,29,0,11.5,clear sky
487,Anadyr,RU,64.75,177.4833,23.5,79,75,20.13,broken clouds
488,Mbigou,GA,-1.9005,11.906,69.21,97,100,2.66,light rain
489,San Cristobal,VE,7.7669,-72.225,77.18,63,96,3.02,overcast clouds
490,Sivas,TR,39.7916,37.0019,20.03,86,75,5.75,broken clouds
491,Vestmannaeyjar,IS,63.4427,-20.2734,45.97,90,100,7.72,overcast clouds
492,Menongue,AO,-14.6585,17.691,63.61,95,65,5.53,broken clouds
493,Torrington,US,41.8007,-73.1212,52.21,28,80,8.01,broken clouds
494,Uvira,CD,-3.4067,29.1458,71.55,89,100,1.41,light rain
495,San Policarpo,PH,12.1791,125.5072,80.55,82,80,6.98,broken clouds
496,Buta,CD,2.7858,24.73,68.79,99,100,3.13,light rain
497,Ancud,CL,-41.8697,-73.8203,55.22,88,100,21.41,light rain
498,Cervo,ES,43.6702,-7.4101,52.97,88,100,3.65,overcast clouds
499,Klyuchi,RU,52.2667,79.1667,16.74,97,98,7.34,overcast clouds
500,Cortez,US,37.3489,-108.5859,50.04,31,0,27.63,clear sky
501,Kirakira,SB,-10.4544,161.9205,83.08,74,82,5.3,broken clouds
502,Baykit,RU,61.67,96.37,13.55,97,100,1.88,light snow
503,Batagay-Alyta,RU,67.8006,130.4114,-16.15,75,96,5.59,overcast clouds
504,Charters Towers,AU,-20.1,146.2667,72.99,72,2,7.76,clear sky
505,Williams Lake,CA,52.1415,-122.1445,45.97,75,75,13.8,broken clouds
506,Linhares,BR,-19.3911,-40.0722,71.46,89,100,7.63,overcast clouds
507,Crotone,IT,39.0851,17.1178,49.33,59,0,17.56,clear sky
508,Chenzhou,CN,25.8,113.0333,45.1,95,100,5.46,overcast clouds
509,Lagos,NG,6.5833,3.75,82.72,83,100,6.42,overcast clouds
510,Touros,BR,-5.1989,-35.4608,79.9,83,99,10.47,overcast clouds
511,Copiapo,CL,-27.3667,-70.3333,67.69,44,0,7.49,clear sky
512,Okhotsk,RU,59.3833,143.3,19.74,94,100,7.58,overcast clouds
513,Kulhudhuffushi,MV,6.6221,73.07,81.84,68,8,10.45,clear sky
514,Mae Chan,TH,20.1467,99.8526,74.86,87,100,0.72,light rain
515,Pa Sang,TH,18.5262,98.9394,80.02,60,100,0.74,overcast clouds
516,Zamosc,PL,50.7231,23.252,44.56,61,0,2.39,clear sky
517,Whitianga,NZ,-36.8333,175.7,66.85,90,100,7.67,light rain
518,Klaksvik,FO,62.2266,-6.589,47.32,90,100,19.98,overcast clouds
519,Salina Cruz,MX,16.1667,-95.2,85.66,65,12,16.82,few clouds
520,Oistins,BB,13.0667,-59.5333,80.69,65,40,17.27,scattered clouds
521,Xining,CN,36.6167,101.7667,36.46,44,62,1.79,broken clouds
522,Dalvik,IS,65.9702,-18.5286,31.93,97,100,12.3,snow
523,Mananjary,MG,-21.2167,48.3333,75.25,80,98,2.1,overcast clouds
524,Mount Isa,AU,-20.7333,139.5,71.37,56,40,0.0,scattered clouds
525,Les Cayes,HT,18.2,-73.75,79.9,61,28,11.12,scattered clouds
526,Ingham,US,42.6,-84.3833,46.02,51,100,16.11,overcast clouds
527,Oil City,US,41.4339,-79.7064,51.37,42,100,12.66,overcast clouds
528,Yeppoon,AU,-23.1333,150.7333,71.38,65,12,2.21,few clouds
529,Ajdabiya,LY,30.7554,20.2263,50.14,58,4,9.04,clear sky
530,Muswellbrook,AU,-32.2667,150.9,71.33,58,90,4.43,overcast clouds
531,Luena,AO,-11.7833,19.9167,64.51,94,100,2.89,light rain
532,Inta,RU,66.0317,60.1659,23.79,90,100,21.05,overcast clouds
533,The Valley,AI,18.217,-63.0578,82.26,65,40,12.66,scattered clouds
534,Zhuhai,CN,22.2769,113.5678,65.98,94,75,16.11,broken clouds
535,Kawalu,ID,-7.3817,108.2082,72.61,93,92,1.54,overcast clouds
536,Thinadhoo,MV,0.5333,72.9333,83.43,67,0,14.29,clear sky
537,Storslett,NO,69.7678,21.0247,32.0,100,100,8.05,light snow
538,Darhan,MN,49.4867,105.9228,17.55,72,7,2.3,clear sky
539,Atasu,KZ,48.6814,71.6433,6.12,100,70,7.54,broken clouds
540,Talara,PE,-4.5772,-81.2719,83.16,57,0,12.66,clear sky
541,Aswan,EG,24.0934,32.907,59.43,28,0,14.32,clear sky
542,Poum,NC,-20.2333,164.0167,79.57,76,95,14.61,overcast clouds
543,Adrar,MR,20.5022,-10.0711,77.83,9,0,9.84,clear sky
544,Puerto Baquerizo Moreno,EC,-0.9,-89.6,83.39,70,40,9.22,scattered clouds
545,Sao Felix Do Xingu,BR,-6.6447,-51.995,74.59,96,86,1.25,moderate rain
546,Diamantina,BR,-18.2494,-43.6003,60.15,93,42,6.22,scattered clouds
547,General Pico,AR,-35.6566,-63.7568,77.76,38,0,5.5,clear sky
548,Pinotepa Nacional,MX,16.3167,-98.0167,88.75,40,45,11.54,scattered clouds
549,Radhanpur,IN,23.8333,71.6,74.55,61,11,10.18,few clouds
550,Mackay,AU,-21.15,149.2,74.68,88,40,5.75,scattered clouds
551,Joshimath,IN,30.5667,79.5667,52.05,38,0,8.1,clear sky
552,Whitehorse,CA,60.7161,-135.0538,41.09,58,40,20.71,scattered clouds
553,Pskov,RU,57.8136,28.3496,26.51,86,2,2.24,clear sky
554,Arman,RU,59.7,150.1667,14.02,89,99,5.93,overcast clouds
555,Harindanga,IN,22.0383,88.3214,75.99,92,43,7.85,scattered clouds
556,Nemuro,JP,43.3236,145.575,29.95,82,10,5.93,clear sky
557,Kasempa,ZM,-13.4584,25.8338,61.92,97,79,5.17,broken clouds
558,Ribeira Brava,PT,32.65,-17.0667,63.05,67,38,9.4,scattered clouds
559,Pontes E Lacerda,BR,-15.2261,-59.3353,76.05,92,99,2.77,moderate rain
560,Verkhovye,RU,52.8119,37.2425,33.39,96,100,7.09,overcast clouds
561,Goma,CD,-1.6792,29.2228,61.93,92,100,2.73,overcast clouds
562,Dingle,PH,10.9995,122.6711,76.95,90,100,6.13,overcast clouds
563,Juegang,CN,32.3174,121.1855,45.91,85,98,5.84,overcast clouds
564,Turbat,PK,26.0023,63.044,73.35,43,0,5.01,clear sky
565,Solton,RU,52.8429,86.4787,26.74,94,100,11.18,snow
566,Dengzhou,CN,37.8086,120.7508,39.88,68,97,8.21,overcast clouds
567,Pine Bluff,US,34.2284,-92.0032,60.73,85,100,3.44,overcast clouds
568,Carutapera,BR,-1.195,-46.02,75.65,93,100,2.95,overcast clouds
569,Skagen,DK,57.7209,10.5839,41.76,84,3,8.48,clear sky
570,Korla,CN,41.7597,86.1469,42.62,69,46,1.14,scattered clouds
571,Robertsport,LR,6.7533,-11.3686,79.84,88,100,4.32,overcast clouds
572,Puerto Escondido,MX,15.85,-97.0667,88.63,70,40,10.36,scattered clouds
573,Ballina,AU,-28.8667,153.5667,68.02,99,33,3.44,scattered clouds
574,Cabedelo,BR,-6.9811,-34.8339,77.67,79,98,10.31,heavy intensity rain
575,Gushikawa,JP,26.3544,127.8686,66.2,97,75,9.22,broken clouds
576,Fortaleza,BR,-3.7227,-38.5247,78.22,94,75,10.36,broken clouds
577,Marzuq,YE,14.4,46.4667,73.27,43,28,5.7,scattered clouds
578,Isiro,CD,2.7739,27.616,66.54,99,100,3.29,light rain
579,Makakilo City,US,21.3469,-158.0858,77.32,64,100,12.66,light rain
580,Johor Bahru,MY,1.4655,103.7578,78.71,94,75,1.14,broken clouds
581,Belvedere Marittimo,IT,39.6179,15.8617,37.11,57,0,4.43,clear sky
582,Virginia Beach,US,36.8529,-75.978,71.65,56,75,11.5,broken clouds
583,Nago,JP,26.5881,127.9761,67.05,95,100,1.21,overcast clouds
584,Findochty,GB,57.6974,-2.901,42.49,83,32,7.34,scattered clouds
585,Mangit,UZ,40.5971,70.9607,52.34,68,100,4.5,overcast clouds
586,Guatire,VE,10.4762,-66.5427,76.46,66,8,5.14,clear sky
587,Vredendal,ZA,-31.6683,18.5012,78.85,56,1,2.57,clear sky
588,Pedernales,DO,18.0384,-71.744,83.89,53,0,13.04,clear sky
589,Lethem,GY,3.3803,-59.7968,89.65,62,20,13.8,few clouds
590,Hailar,CN,49.2,119.7,3.09,90,92,5.19,overcast clouds
591,Udachnyy,RU,66.4167,112.4,-2.0,100,99,2.98,overcast clouds
592,Xai-Xai,MZ,-25.0519,33.6442,71.8,84,1,7.63,clear sky
593,Dzhebariki-Khaya,RU,62.2167,135.8,2.16,97,100,2.08,overcast clouds
594,Tessaoua,NE,13.7574,7.9874,82.22,13,45,15.26,scattered clouds
595,Sheksna,RU,59.21,38.5107,28.54,97,13,5.17,few clouds
596,Itupiranga,BR,-5.1347,-49.3267,79.12,92,100,1.68,overcast clouds
597,Richards Bay,ZA,-28.783,32.0377,69.85,85,85,4.83,overcast clouds
598,Meulaboh,ID,4.1363,96.1285,76.59,91,81,3.89,broken clouds
599,Suzun,RU,53.7841,82.3116,16.02,98,100,4.63,overcast clouds
600,Port Arthur,CN,38.8,121.2667,43.02,68,88,11.52,overcast clouds
601,Guantanamo,CU,20.1444,-75.2092,83.77,55,22,13.15,few clouds
602,Luwuk,ID,-0.9516,122.7875,76.89,88,100,6.49,overcast clouds
603,Ambilobe,MG,-13.2,49.05,74.39,96,20,2.24,light rain
604,Khingansk,RU,49.1167,131.1833,12.49,97,100,2.24,overcast clouds
605,Yenotayevka,RU,47.2456,47.0281,30.96,78,2,4.65,clear sky
606,Mabaruma,GY,8.2,-59.7833,76.12,83,86,5.37,overcast clouds
607,Kudahuvadhoo,MV,2.6708,72.8944,82.17,68,3,11.01,clear sky
608,Bojonegoro,ID,-7.1502,111.8817,76.28,93,100,2.13,overcast clouds
609,Baft,IR,29.234,56.6057,52.3,32,0,8.05,clear sky
610,Olinda,BR,-8.0089,-34.8553,76.73,100,75,6.91,heavy intensity rain
611,Raudeberg,NO,61.9875,5.1352,41.86,71,12,12.95,few clouds
612,Coahuayana,MX,18.7333,-103.6833,86.18,38,27,7.9,scattered clouds
613,Dobroye,RU,52.8678,39.8109,34.54,91,100,6.26,overcast clouds
614,Divnoye,RU,45.9089,43.3547,30.74,55,0,8.41,clear sky
615,Bilibino,RU,68.0546,166.4372,16.97,92,100,2.3,overcast clouds
616,Eagle Pass,US,28.7091,-100.4995,72.18,38,0,25.72,clear sky
617,Kholm,RU,59.2667,32.85,28.63,92,1,5.44,clear sky
618,Bombay,IN,19.0144,72.8479,82.38,47,9,4.61,smoke
619,Grootfontein,NA,-19.5667,18.1167,67.57,88,58,3.44,broken clouds
620,Pocatello,US,42.8713,-112.4455,48.11,49,20,5.75,few clouds
621,Qandala,SO,11.472,49.8728,79.63,68,5,0.83,clear sky
622,Bolgar,RU,54.95,49.0667,31.91,94,97,7.16,overcast clouds
623,Victor Harbor,AU,-35.5667,138.6167,63.0,75,100,1.99,overcast clouds
624,Jacareacanga,BR,-6.2222,-57.7528,78.66,85,48,1.74,scattered clouds
625,Garissa,KE,-0.4536,39.6401,80.49,68,4,14.5,clear sky
626,Yumen,CN,40.2833,97.2,38.48,54,65,4.9,broken clouds
627,Martinsburg,US,39.4562,-77.9639,65.88,46,0,9.22,clear sky
628,Kenai,US,60.5544,-151.2583,30.29,50,75,27.63,broken clouds
629,Fuzhou,CN,26.0614,119.3061,51.69,94,100,2.28,overcast clouds
630,Cherepovets,RU,59.1333,37.9,27.9,96,11,5.86,few clouds
631,Tecoanapa,MX,16.5167,-98.75,84.31,57,73,12.53,broken clouds
632,Kamloops,CA,50.6665,-120.3192,50.99,73,75,14.97,broken clouds
633,Terrace,CA,54.5163,-128.6035,44.51,100,100,5.75,mist
634,Ostashkov,RU,57.1467,33.1075,28.47,97,5,3.85,clear sky
635,Lumphat,KH,13.4878,106.9816,75.38,93,99,1.61,overcast clouds
636,Oliveira Dos Brejinhos,BR,-12.3169,-42.8961,82.36,43,81,8.63,broken clouds
637,Shuangcheng,CN,45.35,126.2833,29.88,68,42,8.99,scattered clouds
638,Wausau,US,44.9591,-89.6301,37.31,87,100,14.97,moderate rain
639,Edd,ER,13.9297,41.6925,80.06,79,32,6.76,scattered clouds
640,Swellendam,ZA,-34.0226,20.4417,70.16,85,59,8.14,broken clouds
641,Sirjan,IR,29.452,55.6814,57.63,28,1,6.85,clear sky
642,Petropavlovsk-Kamchatskiy,RU,53.0452,158.6483,21.79,63,40,0.0,scattered clouds
643,Pamanukan,ID,-6.2842,107.8106,76.93,82,97,7.02,overcast clouds
644,Pakokku,MM,21.3333,95.1,80.22,71,97,4.72,overcast clouds
645,Narsaq,GL,60.9167,-46.05,21.42,71,100,4.43,overcast clouds
646,Abu Dhabi,AE,24.4667,54.3667,73.42,90,0,3.44,clear sky
647,Hurghada,EG,27.2574,33.8129,59.04,41,0,16.11,clear sky
648,Egvekinot,RU,66.3167,-179.1667,12.88,94,91,2.04,overcast clouds
649,Izberbash,RU,42.5696,47.8645,28.45,74,37,6.22,scattered clouds
650,Boueni,YT,-12.9025,45.0761,82.38,76,6,7.0,clear sky
651,Balakhninskiy,RU,58.0106,114.2769,9.55,98,99,1.77,overcast clouds
652,Tabuk,PH,17.4189,121.4443,71.94,92,22,2.17,few clouds
653,Maumere,ID,-8.6199,122.2111,79.39,80,91,3.78,overcast clouds
654,Blackwater,AU,-23.5833,148.8833,74.1,70,0,6.85,clear sky
655,Pontianak,ID,-0.0333,109.3333,75.18,94,100,3.44,overcast clouds
656,Rancho Palos Verdes,US,33.7445,-118.387,87.94,61,6,10.0,clear sky
657,Santa Isabel Do Rio Negro,BR,-0.4139,-65.0192,78.19,92,69,2.39,broken clouds
658,Tabriz,IR,38.08,46.2919,31.46,64,75,18.41,broken clouds
659,Evensk,RU,61.95,159.2333,20.98,92,100,0.76,overcast clouds
660,Aloleng,PH,16.1307,119.7824,80.51,83,50,8.1,scattered clouds
661,Malatya,TR,38.5,38.0,32.05,87,100,4.61,overcast clouds
662,Mortka,RU,59.3322,66.0214,26.56,95,100,9.82,light snow
663,Chara,RU,56.9064,118.2631,6.8,80,99,1.12,overcast clouds
664,Amazar,RU,53.858,120.875,2.34,97,72,3.44,broken clouds
665,Tanete,ID,-3.9443,119.7848,75.31,92,100,2.37,overcast clouds
666,Broome,US,42.2506,-75.833,46.71,32,0,12.66,clear sky
667,Mpanda,TZ,-6.3655,31.0409,63.9,96,77,1.3,broken clouds
668,Poykovskiy,RU,61.2333,73.3333,12.49,92,40,4.47,light snow
669,Thessalon,CA,46.2501,-83.5666,35.89,62,100,12.39,overcast clouds
670,Sovetskiy,RU,61.3614,63.5842,25.61,88,63,10.83,broken clouds
671,Pailon,BO,-17.65,-62.75,88.7,53,79,8.88,broken clouds
672,Strezhevoy,RU,60.7333,77.5889,7.34,97,100,3.06,overcast clouds
673,Rafai,CF,4.95,23.9167,75.65,70,87,6.26,overcast clouds
674,Kharan,PK,28.5833,65.4167,71.94,12,0,7.02,clear sky
675,San Carlos De Bariloche,AR,-41.1456,-71.3082,62.35,39,20,26.46,few clouds
676,Dubbo,AU,-32.25,148.6167,66.33,82,100,3.44,overcast clouds
677,Bud,US,39.447,-86.1758,55.35,94,100,11.86,overcast clouds
678,Katangli,RU,51.7102,143.2326,17.11,87,49,10.27,scattered clouds
679,Gornyy,RU,55.1153,83.9059,13.6,95,99,10.45,overcast clouds
680,Yerbogachen,RU,61.2767,108.0108,15.24,97,100,3.65,light snow
681,Sacama,EC,-3.9,-79.2667,59.16,83,61,1.97,light rain
682,Aqtobe,KZ,50.2797,57.2072,14.09,85,0,6.71,clear sky
683,Ornskoldsvik,SE,63.2909,18.7153,38.35,60,75,10.36,broken clouds
684,San Juan,AR,-31.5375,-68.5364,80.83,29,0,6.42,clear sky
685,Nicoya,CR,10.1483,-85.452,90.37,44,52,0.4,broken clouds
686,Todos Santos,MX,23.45,-110.2167,81.3,65,0,19.66,clear sky
687,Sabha,LY,27.0377,14.4283,53.1,34,0,14.12,clear sky
688,Metu,ET,8.3,35.5833,63.3,65,88,2.89,overcast clouds
689,Acajutla,SV,13.5928,-89.8275,85.87,58,87,8.32,overcast clouds
690,Balabagan,PH,7.5264,124.1142,77.05,86,96,4.03,overcast clouds
691,Presidencia Roque Saenz Pena,AR,-26.7852,-60.4388,73.58,96,79,2.75,broken clouds
692,Burnie,AU,-41.0667,145.9167,59.92,65,76,14.16,broken clouds
693,Korostyshiv,UA,50.3172,29.0563,41.97,64,0,3.47,clear sky
694,Tsabong,BW,-26.0217,22.401,77.14,41,47,9.15,scattered clouds
695,Constitucion,CL,-35.3333,-72.4167,60.19,70,0,14.7,clear sky
696,Sherbakul,RU,54.6316,72.3963,15.84,96,92,10.4,overcast clouds
697,Mirabela,BR,-16.2628,-44.1644,68.72,78,72,6.38,broken clouds
698,Castanos,MX,26.7833,-101.4167,74.79,38,0,28.77,clear sky
699,Ogaminana,NG,7.5946,6.2248,82.47,68,100,11.92,overcast clouds
700,Duki,PK,30.1541,68.5728,66.16,18,0,5.37,clear sky
701,Coruripe,BR,-10.1256,-36.1756,79.86,77,46,8.43,scattered clouds
702,Kalga,RU,50.9251,118.898,12.87,92,9,2.28,clear sky
703,Kitimat,CA,54.0524,-128.6534,45.91,29,100,3.0,moderate rain
704,Paignton,GB,50.4357,-3.5679,52.05,62,6,3.0,clear sky
705,Muzhi,RU,65.3667,64.6667,19.53,86,63,11.34,broken clouds
706,Mumbwa,ZM,-14.9783,27.0619,59.94,90,43,4.63,scattered clouds
707,Cravo Norte,CO,6.3017,-70.2041,93.79,31,94,6.93,overcast clouds
708,Leshukonskoye,RU,64.8989,45.7622,28.4,81,74,10.47,broken clouds
709,Berlevag,NO,70.8578,29.0864,30.15,93,100,25.32,light snow
710,Gazanjyk,TM,39.2446,55.5154,40.1,95,100,4.81,overcast clouds
711,Norsup,VU,-16.0667,167.3833,82.71,80,55,5.19,broken clouds
712,Boras,SE,57.721,12.9401,32.56,91,22,2.51,few clouds
713,Tubuala,PA,9.5167,-79.0333,80.04,84,87,12.24,overcast clouds
