City,City,Country,Max Temp,Current Description,Lat,Lng,Hotel Name
0,Puntarenas,CR,88.45,scattered clouds,9.9763,-84.8384,Michael's Surfside Hotel
1,Vaini,TO,82.56,overcast clouds,-21.2,-175.2,Keleti Beach Resort
2,Ribeira Grande,PT,59.4,scattered clouds,38.5167,-28.7,Quinta da Meia Eira
3,Bluff,NZ,61.48,clear sky,-46.6,168.3333,Bluff Homestead - Guesthouse & Campervan Park
4,Santa Cruz De Tenerife,ES,64.72,scattered clouds,28.4682,-16.2546,Hotel Silken Atl√°ntida Santa Cruz
6,Ramnagar,IN,68.4,clear sky,29.4,79.1167,Leisure Vacation Myrica Hotel
8,Ahipara,NZ,69.98,scattered clouds,-35.1667,173.1667,Ahipara Holiday Park
9,Bengkulu,ID,74.97,overcast clouds,-3.8004,102.2655,Grage Hotel Bengkulu
10,Punta Arenas,CL,51.91,clear sky,-53.15,-70.9167,Hotel Hain
12,Nova Olimpia,BR,76.19,overcast clouds,-14.7972,-57.2881,Motel glamour
15,Bac Lieu,VN,79.81,scattered clouds,9.285,105.7244,Kh√°ch s·∫°n S√†i G√≤n B·∫°c Li√™u
16,Ratnagiri,IN,77.23,broken clouds,16.9833,73.3,Hotel Landmark
17,Port Alfred,ZA,70.5,clear sky,-33.5906,26.891,The Halyards Hotel
19,New Norfolk,AU,53.1,scattered clouds,-42.7826,147.0587,The Shingles Riverside Cottages
20,Barquisimeto,VE,85.69,overcast clouds,10.0739,-69.3228,Hotel Pr√≠ncipe
22,Rikitea,PF,79.54,light rain,-23.1203,-134.9692,People ThankYou
23,Camana,PE,72,scattered clouds,-16.6228,-72.7111,Hostal Morales
24,Vangaindrano,MG,72.48,overcast clouds,-23.35,47.6,Hotel Fanilo
25,Tadpatri,IN,84.52,overcast clouds,14.9167,78.0167,subramanya swamy hotel
27,Healdsburg,US,89.2,clear sky,38.6105,-122.8692,Best Western Dry Creek Inn
29,Honiara,SB,82.13,broken clouds,-9.4333,159.95,Heritage Park Hotel
31,Harper,LR,79.9,overcast clouds,4.375,-7.7169,Screensaver
32,Hobyo,SO,78.67,few clouds,5.3505,48.5268,Iftin hotel hobyo
34,Hobart,AU,53.46,broken clouds,-42.8794,147.3294,St Ives Hobart Accommodation Tasmania
35,Hithadhoo,MV,83.32,clear sky,-0.6,73.0833,Scoop Guest House
38,Camacha,PT,56.62,scattered clouds,33.0833,-16.3333,Hotel Porto Santo & Spa
39,Portland,US,68.16,scattered clouds,45.5234,-122.6762,Embassy Suites by Hilton Portland Downtown
40,Tazmalt,DZ,52.52,overcast clouds,36.3868,4.3989,H√¥tel Num√©dia
41,Busselton,AU,52.72,clear sky,-33.65,115.3333,Observatory Guest House
42,Kununurra,AU,80.58,overcast clouds,-15.7667,128.7333,Hotel Kununurra
43,Xenia,US,58.33,light intensity drizzle,39.6848,-83.9296,Ramada by Wyndham Xenia
44,Praia,CV,70.34,scattered clouds,14.9215,-23.5087,LT Aparthotel
45,Sinnamary,GF,76.93,light rain,5.3833,-52.95,ALETHEIA Appartement Sinnamary
47,Faanui,PF,80.71,overcast clouds,-16.4833,-151.75,Bora-Bora Pearl Beach Resort & Spa
48,Hilo,US,80.33,light rain,19.7297,-155.09,Hilo Hawaiian Hotel
49,Cape Town,ZA,74.12,clear sky,-33.9258,18.4232,"Radisson Blu Hotel Waterfront, Cape Town"
50,Avarua,CK,82.45,overcast clouds,-21.2078,-159.775,Paradise Inn
51,Atuona,PF,79.34,overcast clouds,-9.8,-139.0333,Villa Enata
52,Kapaa,US,71.92,moderate rain,22.0752,-159.319,Sheraton Kauai Coconut Beach Resort
57,Santo Antonio Do Sudoeste,BR,71.65,overcast clouds,-26.0736,-53.7253,Hotel Frontera
60,Killybegs,IE,50.86,overcast clouds,54.6333,-8.45,Tara Hotel
61,Saint-Pierre,RE,78.48,clear sky,-21.3393,55.4781,Lindsey H√¥tel
62,Lata,PT,56.8,light rain,40.1629,-8.3327,Casa Maquia
63,Chuy,UY,66.33,overcast clouds,-33.6971,-53.4616,Nuevo Hotel Plaza
66,Caravelas,BR,74.82,broken clouds,-17.7125,-39.2481,Pousada dos Navegantes
69,Kisangani,CD,71.19,overcast clouds,0.5167,25.2,Grand Ramela Hotel
70,Fortuna,US,66.85,clear sky,40.5982,-124.1573,Super 8 by Wyndham Fortuna
71,Lebu,CL,59.02,few clouds,-37.6167,-73.65,Hostal Las Lilas
73,Mataura,NZ,67.12,clear sky,-46.1927,168.8643,Ellie's Villa
74,Port-Gentil,GA,80.56,few clouds,-0.7193,8.7815,Fengshui Residence
76,Puerto Ayora,EC,85.96,broken clouds,-0.7393,-90.3518,Finch Bay Galapagos Hotel
77,Dhidhdhoo,MV,81.91,clear sky,6.8833,73.1,Dhidhoo beach
78,Bethel,US,55.02,overcast clouds,41.3712,-73.414,Courtyard by Marriott Danbury
79,Lagoa,PT,59.25,scattered clouds,39.05,-27.9833,Casa Das Faias
80,Sur,OM,77.02,clear sky,22.5667,59.5289,Sur Plaza Hotel
81,Dondo,MZ,78.31,light rain,-19.6094,34.7431,Arco Iris
82,Sola,VU,83.07,scattered clouds,-13.8833,167.55,Leumerus Bungalows
83,Marawi,PH,67.69,overcast clouds,7.9986,124.2928,Derogongan Residence
85,Naze,JP,61.72,overcast clouds,28.3667,129.4833,Shishime Hotel
86,Carnarvon,AU,77.07,overcast clouds,-24.8667,113.6333,Hospitality Carnarvon
87,Fredericksburg,US,71.02,clear sky,38.3032,-77.4605,Courtyard by Marriott Fredericksburg Historic District
89,Sao Filipe,CV,70.75,clear sky,14.8961,-24.4956,Hotel Xaguate
91,Bredasdorp,ZA,69.46,overcast clouds,-34.5322,20.0403,Bredasdorp Country Manor
95,Piracuruca,BR,75.92,very heavy rain,-3.9281,-41.7092,Pousada Piracuruca
96,Port Elizabeth,ZA,68.31,mist,-33.918,25.5701,39 On Nile Guest House
97,Bubaque,GW,76.35,scattered clouds,11.2833,-15.8333,"Casa Dora, Bubaque"
98,Kieta,PG,81.88,overcast clouds,-6.2167,155.6333,Uruna Bay Retreat
99,Alofi,NU,84.09,broken clouds,-19.0595,-169.9187,Taloa Heights
100,Nabire,ID,76.14,light rain,-3.3667,135.4833,Hotel Nusantara Nabire
101,Miguel Alves,BR,74.57,very heavy rain,-4.1656,-42.8953,PAIN POUSADA E RESTAURANTE
102,Vila Franca Do Campo,PT,60.19,broken clouds,37.7167,-25.4333,Pestana Bahia Praia
103,Boke,GN,73.8,broken clouds,10.9409,-14.2967,H√¥tel Rio Nunez - Bok√©
104,Ponta Do Sol,PT,63.05,scattered clouds,32.6667,-17.1,Hotel do Campo
105,Cabo San Lucas,MX,80.62,clear sky,22.8909,-109.9124,Hotel Tesoro Los Cabos
107,Hermanus,ZA,70.81,overcast clouds,-34.4187,19.2345,Misty Waves Boutique Hotel
109,East London,ZA,71.47,clear sky,-33.0153,27.9116,Tu Casa
111,Morwa,IN,80.53,broken clouds,22.9,73.8333,mahakali maa hotel
112,Toritama,BR,74.43,scattered clouds,-8.0067,-36.0567,Toritama Golden Hotel
113,Mahebourg,MU,79.09,shower rain,-20.4081,57.7,Shandrani Beachcomber Resort & Spa
114,Palmer,US,51.66,broken clouds,42.1584,-72.3287,Wedgewood Motel
115,Labuhan,ID,79.72,overcast clouds,-6.8844,112.2051,DoubleFAG
118,Victoria,HK,68.32,light rain,22.2855,114.1577,Mini Hotel Central
120,Nachingwea,TZ,69.39,few clouds,-10.3833,38.7667,Makoga lodge
121,Pisco,PE,75.02,clear sky,-13.7,-76.2167,Hotel San Isidro Oficial
122,Soe,ID,65.07,overcast clouds,-9.8607,124.284,Dena Hotel
124,Port Lincoln,AU,62.1,overcast clouds,-34.7333,135.8667,Port Lincoln Hotel
125,Awbari,LY,54.18,clear sky,26.5921,12.7805,ŸÅŸÜÿØŸÇ ÿ£Ÿàÿ®ÿßÿ±Ÿä
126,Jamestown,US,50.95,overcast clouds,42.097,-79.2353,Hampton Inn & Suites Jamestown
128,Nhulunbuy,AU,77.61,scattered clouds,-12.2333,136.7667,East Arnhem Real Estate
130,Saint George,US,66.79,clear sky,37.1041,-113.5841,Best Western Plus Abbey Inn
132,Itoman,JP,66.97,light rain,26.1247,127.6694,Southern Beach Hotel & Resort Okinawa
133,Coihaique,CL,58.95,broken clouds,-45.5752,-72.0662,Diego De Almagro Coyhaique
134,Bambous Virieux,MU,79.05,shower rain,-20.3428,57.7575,Casa Tia Villa
135,Umred,IN,73.69,scattered clouds,20.85,79.3333,"Dr.Babasaheb Ambedkar Goverment Boys Hostel ,Umred"
136,Tibati,CM,75.49,overcast clouds,6.4667,12.6333,Tibati Hotel
137,Codrington,AU,60.01,overcast clouds,-38.2667,141.9667,Codrington Gardens Bed And Breakfast
139,Los Llanos De Aridane,ES,60.55,few clouds,28.6585,-17.9182,Valle Aridane
140,Souillac,MU,79.18,shower rain,-20.5167,57.5167,Shanti Maurice Resort & Spa
141,Belmonte,BR,76.1,broken clouds,-15.8631,-38.8828,Pousada Monte Carmelo O P√£o
142,Gat,IL,50.4,broken clouds,31.61,34.7642,OlusHome
144,Cidreira,BR,73.13,overcast clouds,-30.1811,-50.2056,Hotel Castelo
145,Esperance,AU,60.64,overcast clouds,-33.8667,121.9,Hospitality Esperance
146,Yabelo,ET,67.48,broken clouds,4.8833,38.0833,Asnakech W/michael
147,Jaen,ES,54.43,overcast clouds,38,-3.5,Hotel TRH Baeza
148,Yarada,IN,80.92,mist,17.65,83.2667,Yarada Jungle Beach Resorts
150,Solymar,HU,50.79,few clouds,47.5925,18.9321,Room close to Budapest
153,Road Town,VG,80.64,scattered clouds,18.4167,-64.6167,"ZINGARA 76ft Catamaran, full crew-all included"
155,Concordia,AR,72.79,overcast clouds,-31.393,-58.0209,Palmar Hotel Casino
156,Lompoc,US,88.79,few clouds,34.6391,-120.4579,"Holiday Inn Express Lompoc, an IHG Hotel"
159,Upala,CR,86.63,overcast clouds,10.8979,-85.0145,Hotel El Pueblo Upala
160,Castro,BR,66.04,broken clouds,-24.7911,-50.0119,CHACARA BAILLY
162,Christchurch,NZ,64.94,mist,-43.5333,172.6333,The George
163,Mar Del Plata,AR,69.82,clear sky,-38.0023,-57.5575,Gran Hotel Mar del Plata
164,Mayo,US,68.56,clear sky,38.8876,-76.5119,Resorts Resource Group International
166,Alice Springs,AU,63.95,scattered clouds,-23.7,133.8833,Desert Palms Alice Springs
167,Natal,BR,80.82,broken clouds,-5.795,-35.2094,Villa Park Hotel | Natal
168,Hamilton,US,68.63,overcast clouds,39.1834,-84.5333,Six Acres Bed & Breakfast
169,Ojinaga,MX,65.57,clear sky,29.5667,-104.4167,Suites Las Palmas
173,Waipawa,NZ,63.84,light rain,-41.4122,175.5153,Tora Coastal Walk
176,North Bend,US,78.24,clear sky,43.4065,-124.2243,Red Lion Hotel Coos Bay
177,Kavieng,PG,81.93,moderate rain,-2.5744,150.7967,Nusa Island Retreat
178,Bathsheba,BB,81.21,scattered clouds,13.2167,-59.5167,Atlantis Hotel
179,Dunedin,NZ,61.81,clear sky,-45.8742,170.5036,Scenic Hotel Southern Cross
180,Georgetown,MY,84.13,few clouds,5.4112,100.3354,Cititel Penang
181,Wonthaggi,AU,57.81,broken clouds,-38.6044,145.5913,Wonthaggi Caravans & Trailers
184,Yarim,YE,59.29,scattered clouds,14.298,44.3779,ŸàŸÑŸäÿØ ÿßŸÑŸÖÿ≥Ÿàÿ±Ÿä ÿßÿ®Ÿà ÿßÿ≥ÿØ
185,Saldanha,ZA,75.25,light rain,-33.0117,17.9442,Blue Bay Lodge
186,Asfi,MA,58.91,overcast clouds,32.2994,-9.2372,H√¥tel Abda
192,Xiongzhou,CN,51.49,overcast clouds,25.1167,114.3,Xinhewan Business Hotel
194,Margate,GB,53.31,broken clouds,51.3813,1.3862,Premier Inn Margate hotel
195,Sahawar,IN,72.23,clear sky,27.8,78.85,‡§ï‡§≤‡•Å‡§Ü ‡§®‡§ó‡§≤‡§æ
196,San Quintin,MX,68.85,clear sky,30.4833,-115.95,Don Eddie's Sport Fishing Center
197,Bela Vista,BR,83.26,overcast clouds,-22.1089,-56.5211,Bella Vista Palace Hotel
198,Hokitika,NZ,67.48,overcast clouds,-42.7167,170.9667,Beachfront Hotel Hokitika
201,Namatanai,PG,81.37,light rain,-3.6667,152.4333,Seagulls Inn Namatani
202,Kutum,SD,72.43,broken clouds,14.2,24.6667,Dibbo areaŸÖŸÜÿ∑ŸÇÿ© ÿØÿ®Ÿà
205,Mitzic,GA,70.52,light rain,0.7821,11.549,Motel Emys
206,Tias,ES,62.28,few clouds,28.9611,-13.645,Hotel Beatriz Playa & SPA
208,Cochrane,CA,56.89,overcast clouds,51.1834,-114.4687,Days Inn & Suites by Wyndham Cochrane
211,Kruisfontein,ZA,65.88,clear sky,-34.0033,24.7314,Oyster Bay House Rental
212,Wanaka,NZ,61.11,clear sky,-44.7,169.15,Wanaka Homestead Lodge and Cottages
213,Faya,SA,59.11,clear sky,18.3851,42.4509,ÿßŸÖŸÑÿßŸÉ ÿÆÿßŸÑÿØ ÿßŸÑÿ¥ÿπÿ¥Ÿàÿπ
216,Kaitangata,NZ,64.63,clear sky,-46.2817,169.8464,Kaitangata Motor Camp
217,Guerrero Negro,MX,72.57,clear sky,27.9769,-114.0611,"Casa Laguna, Bed & Breakfast"
219,Half Moon Bay,US,85.62,clear sky,37.4636,-122.4286,"The Ritz-Carlton, Half Moon Bay"
220,Itarema,BR,78.78,light rain,-2.9248,-39.9167,"Sea Lounge! Bar, Club & Restaurant"
221,Sao Gabriel Da Cachoeira,BR,76.78,broken clouds,-0.1303,-67.0892,Alarne - √Årea De Lazer Do Alto Rio Negro
223,Moultrie,US,78.57,clear sky,31.1799,-83.7891,Moultrie Inn
224,Sao Pedro,BR,73.22,overcast clouds,-22.5486,-47.9139,Hotel Fazenda Samambaia
226,Tuatapere,NZ,66.47,few clouds,-46.1333,167.6833,Ron and Tony's Bed & Breakfast
228,Riyadh,SA,71.74,clear sky,24.6877,46.7219,"InterContinental Riyadh, an IHG Hotel"
231,Necochea,AR,70.11,few clouds,-38.5473,-58.7368,dyd -mar Hotel
232,Butaritari,KI,81.12,broken clouds,3.0707,172.7902,Isles Sunset Lodge
233,Sisophon,KH,78.01,broken clouds,13.5859,102.9737,Pyramid Hotel
234,Batesville,US,58.95,overcast clouds,35.7698,-91.641,"Holiday Inn Express & Suites Batesville, an IHG Hotel"
235,Marovoay,MG,75.11,moderate rain,-16.1,46.6333,H√¥tel les Oliviers Marovoay
236,Kahului,US,82.42,scattered clouds,20.8947,-156.47,Maui Seaside Hotel
239,Lungi,SL,78.31,broken clouds,9.2212,-12.6831,Lungi Airport Lodge
241,Celestun,MX,86.85,clear sky,20.8667,-90.4,Posada Lilia
244,Zambezi,ZM,62.87,overcast clouds,-13.5432,23.1047,Royal Kutachika Lodge
245,Monrovia,LR,79.65,overcast clouds,6.3005,-10.7969,Sunset Inn
248,Arroyo,ES,51.15,few clouds,41.6096,-4.7969,Hotel El Jard√≠n de la Abad√≠a
250,Anse-Bertrand,GP,80.42,clear sky,16.4721,-61.5078,Le Domharry
251,Warwick,US,53.29,broken clouds,41.7001,-71.4162,Hampton Inn & Suites Providence/Warwick-Airport
253,Acapulco,MX,84.02,few clouds,16.8634,-99.8901,HS Hotsson Smart Acapulco
255,Isangel,VU,75.31,light rain,-19.55,169.2667,Tanna Lodge
256,Atar,MR,78.37,clear sky,20.5169,-13.0499,Oumou Elghoura
259,Bilma,NE,72.7,clear sky,18.6853,12.9164,Expeditions T√©n√©re voyages
260,Lorengau,PG,82.69,overcast clouds,-2.0226,147.2712,Lorengau Harbourside Hotel
262,Brigantine,US,62.8,clear sky,39.4101,-74.3646,Legacy Vacation Resorts - Brigantine Beach
264,Marrakesh,MA,62.67,scattered clouds,31.6315,-8.0083,Les Jardins de La Koutoubia
265,Santa Cruz Cabralia,BR,77.23,few clouds,-16.2781,-39.0247,Puerto Princesa Inn
266,Saint-Philippe,RE,78.39,light rain,-21.3585,55.7679,"Chambres d'h√¥te ""La Trinit√©"""
267,Poquoson,US,71.04,broken clouds,37.1224,-76.3458,Whitehouse Cove
269,Cadereyta,MX,88.18,clear sky,25.5833,-99.9833,Hotel Maria Luisa Inn and Suites
272,Hualmay,PE,73.29,clear sky,-11.0964,-77.6139,Hotel Villa Kitzia Huacho
273,Ghatal,IN,73.11,few clouds,22.6667,87.7167,Mongal Bhawan
274,Puerto Gaitan,CO,84.25,overcast clouds,4.3133,-72.0816,Brisas del Yucao
276,Panzhihua,CN,60.73,overcast clouds,26.5851,101.7128,Electric Power Hotel
277,Owo,NG,78.12,overcast clouds,7.1962,5.5868,The Chancery Hotel and Resort limited
279,Rawson,AR,72.73,clear sky,-43.3002,-65.1023,Hosteria Sampedro
280,Panlaitan,PH,82.29,broken clouds,12.1191,119.8486,Panlaitan Cetro Beach
281,Port Keats,AU,80.91,overcast clouds,-14.25,129.55,TDC Village (Hundred Man Camp)
283,Luanda,AO,82.4,thunderstorm,-8.8368,13.2343,EPIC SANA Luanda
284,Anloga,GH,83.25,overcast clouds,5.7947,0.8973,Pin Drop Hotel
286,Taltal,CL,67.68,few clouds,-25.4,-70.4833,Residencial Karime
287,Plettenberg Bay,ZA,67.35,scattered clouds,-34.0527,23.3716,Thanda Vista B&B
289,Mandurah,AU,59.92,clear sky,-32.55,115.7,Atrium Hotel Mandurah
291,Wynyard,AU,59.95,broken clouds,-41,145.7167,Burnie Airport Motel
292,Wodonga,AU,61.97,broken clouds,-36.1167,146.8833,The Hume Inn Motel
293,Sibiti,CG,69.67,overcast clouds,-3.6819,13.3499,"LE PAPYRUS (h√¥tel, bar et restaurant)"
294,Namibe,AO,76.3,overcast clouds,-15.1961,12.1522,Hotel Chik Chik Namibe
296,Calvinia,ZA,69.17,broken clouds,-31.4707,19.776,Die Lemoenhuis
298,Devonport,AU,59.99,broken clouds,-41.1667,146.35,Gateway Hotel by Nightcap Plus
301,Iralaya,HN,81.32,scattered clouds,15,-83.2333,Iglesia morava renovada
302,Tsiroanomandidy,MG,66.56,overcast clouds,-18.7667,46.0333,Hotel Ravinala
305,Maragogi,BR,79.5,broken clouds,-9.0122,-35.2225,Salinas do Maragogi All Inclusive Resort
306,Muros,ES,54.84,light rain,42.7762,-9.0603,Apartment Av. Castelao
309,Antsohihy,MG,74.91,scattered clouds,-14.8796,47.9875,Hotel de Ville
312,Kavaratti,IN,82.35,overcast clouds,10.5669,72.642,Hotels in Lakshadweep Islands
314,Pahrump,US,75.83,clear sky,36.2083,-115.9839,Best Western Pahrump Oasis
319,Arraial Do Cabo,BR,75.16,broken clouds,-22.9661,-42.0278,Pousada Porto Praia
321,Great Falls,US,58.66,clear sky,47.5002,-111.3008,La Quinta Inn & Suites by Wyndham Great Falls
322,Moerai,PF,81.1,overcast clouds,-22.4333,-151.3333,Le Manotel
323,Basco,PH,77.76,overcast clouds,20.4487,121.9702,Nathaniel's Lodge
324,Yulara,AU,75.04,few clouds,-25.2406,130.9889,Desert Gardens Hotel - Ayers Rock Resort
327,Hambantota,LK,79.14,scattered clouds,6.1241,81.1185,Bungalow 63
328,Omboue,GA,78.78,overcast clouds,-1.5746,9.2618,Hotel Olako
329,Sorong,ID,79,overcast clouds,-0.8833,131.25,Waigo Splash Hotel
331,Karwar,IN,79.27,overcast clouds,14.8,74.1333,Netalco Connects
334,Inhambane,MZ,74.91,light rain,-23.865,35.3833,Oceano
335,Buenos Aires,AR,73.29,broken clouds,-34.6132,-58.3772,Hotel NH Buenos Aires City
338,Santa Maria,BR,76.3,scattered clouds,-29.6842,-53.8069,Hotel Morotin
339,Cockburn Town,TC,77.76,clear sky,21.4612,-71.1419,Osprey Beach Hotel
342,Camapua,BR,79.52,broken clouds,-19.5314,-54.0439,Comercial Estrela
344,Doha,QA,75.51,clear sky,25.2867,51.5333,Movenpick Hotel Doha
346,Cayenne,GF,75.24,light rain,4.9333,-52.3333,H√¥tel Le Dronmi
347,Lazaro Cardenas,MX,82.49,scattered clouds,17.9583,-102.2,HOTEL QUINTA ANTIGUA
348,Praya,CV,70.34,scattered clouds,14.9215,-23.5087,LT Aparthotel
349,Media Luna,CU,82.67,clear sky,20.1419,-77.435,Casa particular Pedro y Tamara
352,Kailua,US,78.78,overcast clouds,21.4022,-157.7394,Sheffield House Bed & Breakfast
353,Vao,NC,76.19,broken clouds,-22.6667,167.4833,Hotel Kou-Bugny
354,Fallon,US,63.45,scattered clouds,39.4735,-118.7774,Best Western Fallon Inn & Suites
355,Laguna,US,83.1,clear sky,38.421,-121.4238,"Holiday Inn Express & Suites Elk Grove Central - Hwy 99, an IHG Hotel"
356,Prachuap Khiri Khan,TH,79.68,light rain,12.2167,99.75,‡∏ú‡∏Å‡∏≤‡∏Å‡∏£‡∏≠‡∏á‡∏£‡∏µ‡∏™‡∏≠‡∏£‡πå‡∏ó
357,Orcopampa,PE,50.81,heavy intensity rain,-15.2661,-72.3417,Happy Wasi
358,Port Augusta,AU,64.83,overcast clouds,-32.5,137.7667,Majestic Oasis Apartments
359,Coquimbo,CL,64.13,few clouds,-29.9533,-71.3436,Hotel San Juan
361,Tecolutla,MX,87.66,broken clouds,20.4833,-97.0167,Hotel Plaza Marsol
362,Ruy Barbosa,BR,80.13,overcast clouds,-12.2839,-40.4939,Flats em Ruy Barbosa - BA
365,Flinders,AU,71.19,light rain,-34.5833,150.8552,Shellharbour Resort & Conference Centre
366,Winnemucca,US,60.85,clear sky,40.973,-117.7357,Winners Inn Casino
367,Qiongshan,CN,76.98,broken clouds,20.0058,110.3542,Sun City Restaurant
369,Kaeo,NZ,71.33,few clouds,-35.1,173.7833,Bushido Lodge
375,Cedeno,CO,81.32,overcast clouds,7.0464,-72.1634,BASE MILITAR DE GIBRALTAR
376,Thabazimbi,ZA,64.2,scattered clouds,-24.5917,27.4116,Eagle's Rest
378,Dicabisagan,PH,77,broken clouds,17.0818,122.4157,Nancy Montanes Bernardo
379,Guna,IN,76.59,clear sky,24.65,77.3167,Hotel G K Jain
380,Sao Joao Da Barra,BR,73.49,scattered clouds,-21.6403,-41.0511,Pousada Porto De Canoas
381,Benguela,AO,79,overcast clouds,-12.5763,13.4055,Hotel Praia Morena
384,Bandarbeyla,SO,76.15,broken clouds,9.4942,50.8122,JABIR HOTEL
385,Kumba,CM,75.79,overcast clouds,4.6363,9.4469,El Bethel Hotel
387,Gbarnga,LR,74.89,broken clouds,6.9956,-9.4722,Passion Hotel 2
388,Buraydah,SA,72.05,scattered clouds,26.326,43.975,M√∂venpick Qassim
389,Payson,US,51.55,scattered clouds,40.0444,-111.7321,Quality Inn Payson I-15
390,Bonga,ET,60.94,light rain,7.2833,36.2333,Abelena bare and restorant
391,Hoa Binh,VN,76.41,overcast clouds,20.8133,105.3383,Hoa Dao Hotel
393,Krishnanagar,IN,72.84,broken clouds,23.4,88.5,SPOT ON 65884 New City Hotel & Lodge
394,Masindi,UG,64.17,light rain,1.6744,31.715,New Court View Hotel
395,Noumea,NC,79,overcast clouds,-22.2763,166.4572,H√¥tel Le Lagon
401,Buala,SB,83.3,light rain,-8.145,159.5921,Maringe Lagoon Lodge
402,Camopi,GF,74.07,light rain,3.1655,-52.3158,La pousada
404,La Llanada,CO,61.57,moderate rain,1.49,-77.5835,Bol√≠var - Samaniego
405,Mitsamiouli,KM,81.21,light rain,-11.3847,43.2844,Foyer ADM
406,Karratha,AU,88.38,overcast clouds,-20.7377,116.8463,ibis Styles Karratha
408,Auki,SB,81.28,overcast clouds,-8.7676,160.7034,Auki Motel
409,Asyut,EG,53.78,clear sky,27.181,31.1837,ŸÅŸÜÿØŸÇ ŸÖŸäÿ≥ ÿ•Ÿäÿ¨Ÿäÿ®ÿ™ Miss Egypt Hotel
411,Muriwai Beach,NZ,71.19,overcast clouds,-36.8167,174.45,Coast Retreat Muriwai - Golf and Surf Holiday
417,Strzegom,PL,50.49,clear sky,50.9626,16.3501,Strzegom Apartments
420,Manati,PR,81.57,scattered clouds,18.4275,-66.4921,Manati World Point Inn
421,Ternate,ID,76.37,moderate rain,0.8,127.4,Sahid Bela Ternate Hotel
422,Lokoja,NG,87.21,overcast clouds,7.8024,6.743,Hotel Charvid
423,Port Blair,IN,77.04,mist,11.6667,92.75,"Welcomhotel By ITC Hotels, Bay Island, Port Blair"
424,Korschenbroich,DE,52.93,clear sky,51.1914,6.5135,B&B Hotel M√∂nchengladbach
427,Axim,GH,81.48,overcast clouds,4.8699,-2.2405,Axim Beach Resort And Spa
428,Vanimo,PG,79.95,overcast clouds,-2.6741,141.3028,Vahmoneh Lodge Vanimo
434,Lufilufi,WS,83.79,light rain,-13.8745,-171.5986,Leuaina Beach Resort and Spa
436,Machali,CL,79.88,clear sky,-34.1833,-70.6667,Mining House
437,Liwale,TZ,68.56,broken clouds,-9.7667,37.9333,Samoma lodge
439,Te Anau,NZ,65.61,clear sky,-45.4167,167.7167,Kingsgate Hotel Te Anau
440,Geraldton,AU,59.41,clear sky,-28.7667,114.6,Broadwater Mariner Resort
441,Ponta Delgada,PT,60.49,few clouds,37.7333,-25.6667,Vila Nova Hotel
442,Pagudpud,PH,77.85,broken clouds,18.5616,120.7868,Saud Beach Resort and Hotel - 2
443,Flagstaff,US,58.66,clear sky,35.1981,-111.6513,Drury Inn & Suites Flagstaff
444,Kunda,IN,74.52,scattered clouds,25.7167,81.5167,Girja Sankar And Arvind gupta
447,Tura,IN,72.5,scattered clouds,25.5198,90.2201,Hotel RIKMAN Continental
450,Vila Velha,BR,71.55,mist,-20.3297,-40.2925,Hotel Vit√≥ria Palace
451,Ambatondrazaka,MG,65.66,scattered clouds,-17.8333,48.4167,MANAMBINA Hotel
452,Mogadishu,SO,78.96,clear sky,2.0371,45.3438,Hotel Juba
453,Amahai,ID,78.26,overcast clouds,-3.3333,128.9167,HOTEL ISABELA
457,Playas,EC,79.09,broken clouds,-2.6333,-80.3833,Hostal Promenade
458,San Patricio,US,82.49,clear sky,28.017,-97.5169,"Motel 6 Sinton, TX"
462,Kaohsiung,TW,73.35,mist,22.6163,120.3133,Âæ°ÂÆøÂïÜÊóÖ-‰∏≠Â±±È§®
464,Ulladulla,AU,68.9,overcast clouds,-35.35,150.4667,Sandpiper Motel
466,Havelock,US,70.99,scattered clouds,34.8791,-76.9013,Sherwood Motel
469,Pacific Grove,US,83.88,clear sky,36.6177,-121.9166,Lovers Point Inn
470,Santa Catarina De Tepehuanes,MX,73.83,clear sky,25.35,-105.7333,hotel plaza
471,Codo,BR,75.42,overcast clouds,-4.4553,-43.8856,Hotel Porto do Sol
472,Port Macquarie,AU,67.89,scattered clouds,-31.4333,152.9167,Rydges Port Macquarie
474,Uniao Dos Palmares,BR,78.39,overcast clouds,-9.1628,-36.0319,Quilombo Hotel Fazenda
475,Jizan,SA,81.54,clear sky,17.3333,42.6667,ÿ¥ŸáÿØÿßŸÜ. ÿßÿ®ŸàÿßŸÑÿ≠ÿ¨ÿ±
478,Bambanglipuro,ID,77.65,overcast clouds,-7.95,110.2833,Puri Brata
480,Lannion,FR,51.78,clear sky,48.75,-3.4167,Hotel Arcadia
481,Port Hedland,AU,89.65,overcast clouds,-20.3167,118.5667,"The Esplanade Hotel (Accommodation section closed for refurbishment - Bar, Restaurant & Functions remain open)"
483,Edson,CA,57.34,clear sky,53.5835,-116.4356,"Holiday Inn Express & Suites Edson, an IHG Hotel"
484,Porto Novo,BJ,83.12,overcast clouds,6.4965,2.6036,Tour Eiffel Hotel Benin
485,Kapit,MY,72.32,overcast clouds,2.0167,112.9333,Hotel Meligai Kapit
486,Dixon,US,87.06,clear sky,38.4455,-121.8233,Best Western Plus Dixon Davis
489,San Cristobal,VE,77.18,overcast clouds,7.7669,-72.225,Pirineos
492,Menongue,AO,63.61,broken clouds,-14.6585,17.691,Ritz Lauca
493,Torrington,US,52.21,broken clouds,41.8007,-73.1212,The Yankee Pedlar Inn
494,Uvira,CD,71.55,light rain,-3.4067,29.1458,Hotel Suzana
495,San Policarpo,PH,80.55,broken clouds,12.1791,125.5072,Agapita M. Nicart
496,Buta,CD,68.79,light rain,2.7858,24.73,HOTEL BISO NA BISO
497,Ancud,CL,55.22,light rain,-41.8697,-73.8203,Hotel Arena Gruesa
498,Cervo,ES,52.97,overcast clouds,43.6702,-7.4101,Hotel Spa Galatea
500,Cortez,US,50.04,clear sky,37.3489,-108.5859,Sand Canyon National 9 Inn
501,Kirakira,SB,83.08,broken clouds,-10.4544,161.9205,SanBiz Lodge
504,Charters Towers,AU,72.99,clear sky,-20.1,146.2667,Cattleman's Rest Motor Inn
506,Linhares,BR,71.46,overcast clouds,-19.3911,-40.0722,Hotel Concei√ß√£o
510,Touros,BR,79.9,overcast clouds,-5.1989,-35.4608,INN NEW HORIZON
511,Copiapo,CL,67.69,clear sky,-27.3667,-70.3333,Antay Casino Hotel
513,Kulhudhuffushi,MV,81.84,clear sky,6.6221,73.07,Haajy Guest House 1
514,Mae Chan,TH,74.86,light rain,20.1467,99.8526,Kiang Dao Resort
515,Pa Sang,TH,80.02,overcast clouds,18.5262,98.9394,‡πÇ‡∏£‡∏á‡πÅ‡∏£‡∏° ‡∏à‡∏≤‡∏°‡∏à‡∏∏‡∏£‡∏µ 99
517,Whitianga,NZ,66.85,light rain,-36.8333,175.7,Beachside Resort Whitianga
519,Salina Cruz,MX,85.66,few clouds,16.1667,-95.2,Amerik HOTEL
520,Oistins,BB,80.69,scattered clouds,13.0667,-59.5333,Butterfly Beach Hotel
523,Mananjary,MG,75.25,overcast clouds,-21.2167,48.3333,Vahiny Lodge
524,Mount Isa,AU,71.37,scattered clouds,-20.7333,139.5,ibis Styles Mt Isa Verona
525,Les Cayes,HT,79.9,scattered clouds,18.2,-73.75,Villa Orphee
527,Oil City,US,51.37,overcast clouds,41.4339,-79.7064,Days Inn by Wyndham Oil City Conference Center
528,Yeppoon,AU,71.38,few clouds,-23.1333,150.7333,Villa Mar Colina
529,Ajdabiya,LY,50.14,clear sky,30.7554,20.2263,Almadina Hotel
530,Muswellbrook,AU,71.33,overcast clouds,-32.2667,150.9,Wayfarer Motel
531,Luena,AO,64.51,light rain,-11.7833,19.9167,Hotel Kandamba
533,The Valley,AI,82.26,scattered clouds,18.217,-63.0578,CeBlue Villas & Beach Resort
534,Zhuhai,CN,65.98,broken clouds,22.2769,113.5678,Áè†Êµ∑Á≤§Ë¥¢ÂÅáÊó•ÈÖíÂ∫ó
535,Kawalu,ID,72.61,overcast clouds,-7.3817,108.2082,West Jontor
540,Talara,PE,83.16,clear sky,-4.5772,-81.2719,Hostal Oro Negro
541,Aswan,EG,59.43,clear sky,24.0934,32.907,Nuba Nile
544,Puerto Baquerizo Moreno,EC,83.39,scattered clouds,-0.9,-89.6,Hotel los Algarrobos
545,Sao Felix Do Xingu,BR,74.59,moderate rain,-6.6447,-51.995,Rio Xingu Camping
546,Diamantina,BR,60.15,scattered clouds,-18.2494,-43.6003,POUSADA OURO DE MINAS
547,General Pico,AR,77.76,clear sky,-35.6566,-63.7568,Euskadi Hotel
548,Pinotepa Nacional,MX,88.75,scattered clouds,16.3167,-98.0167,Hotel Maria Del Carmen
549,Radhanpur,IN,74.55,few clouds,23.8333,71.6,"HONEST - HOTEL (VIRAT HOTEL AND GUEST HOUSE, RADHANPUR))"
550,Mackay,AU,74.68,scattered clouds,-21.15,149.2,International Lodge Motel
551,Joshimath,IN,52.05,clear sky,30.5667,79.5667,Shivalik Camps & Resort
555,Harindanga,IN,75.99,scattered clouds,22.0383,88.3214,Santi purno
557,Kasempa,ZM,61.92,broken clouds,-13.4584,25.8338,Lolelunga Forest Reserve
558,Ribeira Brava,PT,63.05,scattered clouds,32.65,-17.0667,Hotel do Campo
559,Pontes E Lacerda,BR,76.05,moderate rain,-15.2261,-59.3353,Hotel Bressan
561,Goma,CD,61.93,overcast clouds,-1.6792,29.2228,"Goma, CENTRE D'ACCUEIL CARITAS"
562,Dingle,PH,76.95,overcast clouds,10.9995,122.6711,SEGAYA PROPERTY
564,Turbat,PK,73.35,clear sky,26.0023,63.044,Mubashar Quarters
567,Pine Bluff,US,60.73,overcast clouds,34.2284,-92.0032,"Holiday Inn Express & Suites Pine Bluff, an IHG Hotel"
568,Carutapera,BR,75.65,overcast clouds,-1.195,-46.02,Lidera
571,Robertsport,LR,79.84,overcast clouds,6.7533,-11.3686,Kwepunha Retreat
572,Puerto Escondido,MX,88.63,scattered clouds,15.85,-97.0667,Aldea del Bazar Hotel and Spa
573,Ballina,AU,68.02,scattered clouds,-28.8667,153.5667,Ramada Hotel & Suites by Wyndham Ballina Byron
574,Cabedelo,BR,77.67,heavy intensity rain,-6.9811,-34.8339,Hotel Pigalle
575,Gushikawa,JP,66.2,broken clouds,26.3544,127.8686,Kirari Guest House
576,Fortaleza,BR,78.22,broken clouds,-3.7227,-38.5247,Hotel Sonata de Iracema
578,Isiro,CD,66.54,light rain,2.7739,27.616,Guest House Hewa Bora
579,Makakilo City,US,77.32,light rain,21.3469,-158.0858,Marriott's Ko Olina Beach Club
580,Johor Bahru,MY,78.71,broken clouds,1.4655,103.7578,KSL Resort Johor Bahru City Centre
582,Virginia Beach,US,71.65,broken clouds,36.8529,-75.978,Hilton Virginia Beach Oceanfront
583,Nago,JP,67.05,overcast clouds,26.5881,127.9761,Hotel Yugaf Inn Okinawa
585,Mangit,UZ,52.34,overcast clouds,40.5971,70.9607,Dangara Hotel
586,Guatire,VE,76.46,clear sky,10.4762,-66.5427,Parque Residencial Canaima I
587,Vredendal,ZA,78.85,clear sky,-31.6683,18.5012,Tharrakamma Guest House
588,Pedernales,DO,83.89,clear sky,18.0384,-71.744,Hotel Costa Marina
589,Lethem,GY,89.65,few clouds,3.3803,-59.7968,Savannah Inn
592,Xai-Xai,MZ,71.8,clear sky,-25.0519,33.6442,Complexo da Familia
594,Tessaoua,NE,82.22,scattered clouds,13.7574,7.9874,Benin Dan Kaabou Heberge
596,Itupiranga,BR,79.12,overcast clouds,-5.1347,-49.3267,Hotel Panorama
597,Richards Bay,ZA,69.85,overcast clouds,-28.783,32.0377,BON Hotel Waterfront Richards Bay
598,Meulaboh,ID,76.59,broken clouds,4.1363,96.1285,Kost Pria
601,Guantanamo,CU,83.77,few clouds,20.1444,-75.2092,Hotel Guant√°namo
602,Luwuk,ID,76.89,overcast clouds,-0.9516,122.7875,Hotel Santika Luwuk
603,Ambilobe,MG,74.39,light rain,-13.2,49.05,H√¥tel & Restaurant DIANA Ambilobe
606,Mabaruma,GY,76.12,overcast clouds,8.2,-59.7833,Monty Brooms Guest House
607,Kudahuvadhoo,MV,82.17,clear sky,2.6708,72.8944,Niyama Private Islands Maldives
608,Bojonegoro,ID,76.28,overcast clouds,-7.1502,111.8817,Dewarna Hotel & Convention
609,Baft,IR,52.3,clear sky,29.234,56.6057,Paeez Hotel & restaurant
610,Olinda,BR,76.73,heavy intensity rain,-8.0089,-34.8553,Flat Quatro Rodas Olinda
612,Coahuayana,MX,86.18,scattered clouds,18.7333,-103.6833,El rranchito michuacan de ocampos
616,Eagle Pass,US,72.18,clear sky,28.7091,-100.4995,"Holiday Inn Express & Suites Eagle Pass, an IHG Hotel"
618,Bombay,IN,82.38,smoke,19.0144,72.8479,Hotel Avon Ruby-Dadar
623,Victor Harbor,AU,63,overcast clouds,-35.5667,138.6167,McCracken Country Club
624,Jacareacanga,BR,78.66,scattered clouds,-6.2222,-57.7528,Casa do Ianüòé
625,Garissa,KE,80.49,clear sky,-0.4536,39.6401,Sharif Plaza Hotel
627,Martinsburg,US,65.88,clear sky,39.4562,-77.9639,"Holiday Inn Martinsburg, an IHG Hotel"
629,Fuzhou,CN,51.69,overcast clouds,26.0614,119.3061,Shangri La Hotel Fuzhou
631,Tecoanapa,MX,84.31,broken clouds,16.5167,-98.75,Hotel Manglares
632,Kamloops,CA,50.99,broken clouds,50.6665,-120.3192,Ramada by Wyndham Kamloops
635,Lumphat,KH,75.38,overcast clouds,13.4878,106.9816,Lumphat Homestay‚Äã &‚Äãlake‚Äãside
636,Oliveira Dos Brejinhos,BR,82.36,broken clouds,-12.3169,-42.8961,Hotel Paraiso
640,Swellendam,ZA,70.16,broken clouds,-34.0226,20.4417,De Kloof Luxury Estate boutique Hotel & SPA
641,Sirjan,IR,57.63,clear sky,29.452,55.6814,MAPNA Building
643,Pamanukan,ID,76.93,overcast clouds,-6.2842,107.8106,Paris Day Hotel Pamanukan
644,Pakokku,MM,80.22,overcast clouds,21.3333,95.1,Royal Palace Motel
646,Abu Dhabi,AE,73.42,clear sky,24.4667,54.3667,Beach Rotana
647,Hurghada,EG,59.04,clear sky,27.2574,33.8129,Sea Star Beau Rivage Hotel
650,Boueni,YT,82.38,clear sky,-12.9025,45.0761,The feet in water
652,Tabuk,PH,71.94,few clouds,17.4189,121.4443,Golden Berries Hotel and Convention
653,Maumere,ID,79.39,overcast clouds,-8.6199,122.2111,Sylvia Hotel
654,Blackwater,AU,74.1,clear sky,-23.5833,148.8833,Blackwater Motor Inn
655,Pontianak,ID,75.18,overcast clouds,-0.0333,109.3333,Aston Pontianak Hotel & Convention Center
656,Rancho Palos Verdes,US,87.94,clear sky,33.7445,-118.387,Terranea Resort
657,Santa Isabel Do Rio Negro,BR,78.19,broken clouds,-0.4139,-65.0192,Hotel GSA
660,Aloleng,PH,80.51,scattered clouds,16.1307,119.7824,Steve Walden and Emma Sison-Walden Residence
665,Tanete,ID,75.31,overcast clouds,-3.9443,119.7848,Wisma Tri Multi
667,Mpanda,TZ,63.9,broken clouds,-6.3655,31.0409,CH Hotel - Mpanda
671,Pailon,BO,88.7,broken clouds,-17.65,-62.75,Alojamiento pailon
674,Kharan,PK,71.94,clear sky,28.5833,65.4167,Dil Aram Bangla
675,San Carlos De Bariloche,AR,62.35,few clouds,-41.1456,-71.3082,Hotel Patagonia
676,Dubbo,AU,66.33,overcast clouds,-32.25,148.6167,Quality Inn Dubbo International
677,Bud,US,55.35,overcast clouds,39.447,-86.1758,Ted McQuinn Trust
681,Sacama,EC,59.16,light rain,-3.9,-79.2667,Pachito Cuenca
684,San Juan,AR,80.83,clear sky,-31.5375,-68.5364,Hotel Provincial
686,Todos Santos,MX,81.3,clear sky,23.45,-110.2167,Hotel California Todos Santos
687,Sabha,LY,53.1,clear sky,27.0377,14.4283,Foundation Taaj Asala for Historical Research and Archeology
688,Metu,ET,63.3,overcast clouds,8.3,35.5833,Selam pension
689,Acajutla,SV,85.87,overcast clouds,13.5928,-89.8275,Laureles
690,Balabagan,PH,77.05,overcast clouds,7.5264,124.1142,Lobregat Cottage
691,Presidencia Roque Saenz Pena,AR,73.58,broken clouds,-26.7852,-60.4388,Hotel Gualok
692,Burnie,AU,59.92,broken clouds,-41.0667,145.9167,Beachfront Voyager Motor Inn
694,Tsabong,BW,77.14,scattered clouds,-26.0217,22.401,Springbok Motel
695,Constitucion,CL,60.19,clear sky,-35.3333,-72.4167,Hotel Boutique Las Azucenas
697,Mirabela,BR,68.72,broken clouds,-16.2628,-44.1644,Hotel e Restaurante Barril
698,Castanos,MX,74.79,clear sky,26.7833,-101.4167,Bomberos voluntarios casta√±os coahuila
699,Ogaminana,NG,82.47,overcast clouds,7.5946,6.2248,Billy Guest Inn
700,Duki,PK,66.16,clear sky,30.1541,68.5728,Bhari Dada Kaka Hotel
701,Coruripe,BR,79.86,scattered clouds,-10.1256,-36.1756,Pousada e Hotel Litoral Sul
704,Paignton,GB,52.05,clear sky,50.4357,-3.5679,The Grand Hotel
706,Mumbwa,ZM,59.94,scattered clouds,-14.9783,27.0619,Mumbwa Motel
711,Norsup,VU,82.71,broken clouds,-16.0667,167.3833,Nabelchel Bungalows
713,Tubuala,PA,80.04,overcast clouds,9.5167,-79.0333,R√≠o Nabagana
